run_timestamp,event_id,season,odds_year,market_type,book,odds_point,player_id,player_name,opponent_ids,p_model,odds_decimal,p_implied,edge,odds_source_path,model_probs_path
2026-03-24T23:16:53.170Z,11,2026,2026,3_balls,caesars,close,15466,"Cantlay, Patrick","27819,29767",0.27682599975124395,,,,/workspaces/modelOptimizer/data/wagering/odds_archive/matchups/pga/2026/11/caesars.json,
2026-03-24T23:16:53.170Z,11,2026,2026,3_balls,caesars,close,27819,"Castillo, Ricky","15466,29767",0.38317996477044114,,,,/workspaces/modelOptimizer/data/wagering/odds_archive/matchups/pga/2026/11/caesars.json,
2026-03-24T23:16:53.170Z,11,2026,2026,3_balls,caesars,close,29767,"Gerard, Ryan","15466,27819",0.3399940354783148,,,,/workspaces/modelOptimizer/data/wagering/odds_archive/matchups/pga/2026/11/caesars.json,
2026-03-24T23:16:53.170Z,11,2026,2026,3_balls,caesars,close,7399,"Glover, Lucas","17646,23816",0.4054690015102387,,,,/workspaces/modelOptimizer/data/wagering/odds_archive/matchups/pga/2026/11/caesars.json,
2026-03-24T23:16:53.170Z,11,2026,2026,3_balls,caesars,close,17646,"Fitzpatrick, Matt","7399,23816",0.35787288853088617,,,,/workspaces/modelOptimizer/data/wagering/odds_archive/matchups/pga/2026/11/caesars.json,
2026-03-24T23:16:53.170Z,11,2026,2026,3_balls,caesars,close,23816,"Valimaki, Sami","7399,17646",0.23665810995887526,,,,/workspaces/modelOptimizer/data/wagering/odds_archive/matchups/pga/2026/11/caesars.json,
2026-03-24T23:16:53.170Z,11,2026,2026,3_balls,caesars,close,6430,"Scott, Adam","24968,29433",0.4182297015361018,,,,/workspaces/modelOptimizer/data/wagering/odds_archive/matchups/pga/2026/11/caesars.json,
2026-03-24T23:16:53.170Z,11,2026,2026,3_balls,caesars,close,24968,"Griffin, Ben","6430,29433",0.21535308648860402,,,,/workspaces/modelOptimizer/data/wagering/odds_archive/matchups/pga/2026/11/caesars.json,
2026-03-24T23:16:53.170Z,11,2026,2026,3_balls,caesars,close,29433,"Bridgeman, Jacob","6430,24968",0.36641721197529414,,,,/workspaces/modelOptimizer/data/wagering/odds_archive/matchups/pga/2026/11/caesars.json,
2026-03-24T23:16:53.170Z,11,2026,2026,3_balls,caesars,close,26657,"Fisk, Steven","28469,29770",0.5437678339329828,,,,/workspaces/modelOptimizer/data/wagering/odds_archive/matchups/pga/2026/11/caesars.json,
2026-03-24T23:16:53.170Z,11,2026,2026,3_balls,caesars,close,28469,"Highsmith, Joe","26657,29770",0.14044859897542097,,,,/workspaces/modelOptimizer/data/wagering/odds_archive/matchups/pga/2026/11/caesars.json,
2026-03-24T23:16:53.170Z,11,2026,2026,3_balls,caesars,close,29770,"Mouw, William","26657,28469",0.31578356709159616,,,,/workspaces/modelOptimizer/data/wagering/odds_archive/matchups/pga/2026/11/caesars.json,
2026-03-24T23:16:53.170Z,11,2026,2026,3_balls,caesars,close,21407,"Reitan, Kristoffer","23838,25003",0.2829023077006611,,,,/workspaces/modelOptimizer/data/wagering/odds_archive/matchups/pga/2026/11/caesars.json,
2026-03-24T23:16:53.170Z,11,2026,2026,3_balls,caesars,close,23838,"Hojgaard, Rasmus","21407,25003",0.4266302000940435,,,,/workspaces/modelOptimizer/data/wagering/odds_archive/matchups/pga/2026/11/caesars.json,
2026-03-24T23:16:53.170Z,11,2026,2026,3_balls,caesars,close,25003,"Walker, Danny","21407,23838",0.2904674922052955,,,,/workspaces/modelOptimizer/data/wagering/odds_archive/matchups/pga/2026/11/caesars.json,
2026-03-24T23:16:53.170Z,11,2026,2026,3_balls,caesars,close,19960,"Pavon, Matthieu","21688,22985",0.37128116528410804,,,,/workspaces/modelOptimizer/data/wagering/odds_archive/matchups/pga/2026/11/caesars.json,
2026-03-24T23:16:53.170Z,11,2026,2026,3_balls,caesars,close,21688,"Kim, S.H.","19960,22985",0.16046115812667058,,,,/workspaces/modelOptimizer/data/wagering/odds_archive/matchups/pga/2026/11/caesars.json,
2026-03-24T23:16:53.170Z,11,2026,2026,3_balls,caesars,close,22985,"Smotherman, Austin","19960,21688",0.4682576765892214,,,,/workspaces/modelOptimizer/data/wagering/odds_archive/matchups/pga/2026/11/caesars.json,
2026-03-24T23:16:53.170Z,11,2026,2026,3_balls,caesars,close,19729,"Kanaya, Takumi","20722,23505",0.3419741812136518,,,,/workspaces/modelOptimizer/data/wagering/odds_archive/matchups/pga/2026/11/caesars.json,
2026-03-24T23:16:53.170Z,11,2026,2026,3_balls,caesars,close,20722,"Schmid, Matti","19729,23505",0.35726061325868785,,,,/workspaces/modelOptimizer/data/wagering/odds_archive/matchups/pga/2026/11/caesars.json,
2026-03-24T23:16:53.170Z,11,2026,2026,3_balls,caesars,close,23505,"McGreevy, Max","19729,20722",0.30076520552766045,,,,/workspaces/modelOptimizer/data/wagering/odds_archive/matchups/pga/2026/11/caesars.json,
2026-03-24T23:16:53.170Z,11,2026,2026,3_balls,caesars,close,19483,"Burns, Sam","26651,27364",0.22780512675986572,,,,/workspaces/modelOptimizer/data/wagering/odds_archive/matchups/pga/2026/11/caesars.json,
2026-03-24T23:16:53.170Z,11,2026,2026,3_balls,caesars,close,26651,"Young, Cameron","19483,27364",0.44177819643922783,,,,/workspaces/modelOptimizer/data/wagering/odds_archive/matchups/pga/2026/11/caesars.json,
2026-03-24T23:16:53.170Z,11,2026,2026,3_balls,caesars,close,27364,"Thompson, Davis","19483,26651",0.3304166768009063,,,,/workspaces/modelOptimizer/data/wagering/odds_archive/matchups/pga/2026/11/caesars.json,
2026-03-24T23:16:53.170Z,11,2026,2026,3_balls,caesars,close,19477,"Schenk, Adam","24342,28635",0.2505582223736497,,,,/workspaces/modelOptimizer/data/wagering/odds_archive/matchups/pga/2026/11/caesars.json,
2026-03-24T23:16:53.170Z,11,2026,2026,3_balls,caesars,close,24342,"Higgo, Garrick","19477,28635",0.36198138042184,,,,/workspaces/modelOptimizer/data/wagering/odds_archive/matchups/pga/2026/11/caesars.json,
2026-03-24T23:16:53.170Z,11,2026,2026,3_balls,caesars,close,28635,"McCarty, Matt","19477,24342",0.38746039720451025,,,,/workspaces/modelOptimizer/data/wagering/odds_archive/matchups/pga/2026/11/caesars.json,
2026-03-24T23:16:53.170Z,11,2026,2026,3_balls,caesars,close,18554,"Rai, Aaron","18628,24304",0.4883145603856698,,,,/workspaces/modelOptimizer/data/wagering/odds_archive/matchups/pga/2026/11/caesars.json,
2026-03-24T23:16:53.170Z,11,2026,2026,3_balls,caesars,close,18628,"Campbell, Brian","18554,24304",0.21040055897291368,,,,/workspaces/modelOptimizer/data/wagering/odds_archive/matchups/pga/2026/11/caesars.json,
2026-03-24T23:16:53.170Z,11,2026,2026,3_balls,caesars,close,24304,"Vilips, Karl","18554,18628",0.3012848806414166,,,,/workspaces/modelOptimizer/data/wagering/odds_archive/matchups/pga/2026/11/caesars.json,
2026-03-24T23:16:53.170Z,11,2026,2026,3_balls,caesars,close,18474,"Smalley, Alex","19840,28309",0.42340890462546205,,,,/workspaces/modelOptimizer/data/wagering/odds_archive/matchups/pga/2026/11/caesars.json,
2026-03-24T23:16:53.170Z,11,2026,2026,3_balls,caesars,close,19840,"Ramey, Chad","18474,28309",0.2697864701256313,,,,/workspaces/modelOptimizer/data/wagering/odds_archive/matchups/pga/2026/11/caesars.json,
2026-03-24T23:16:53.170Z,11,2026,2026,3_balls,caesars,close,28309,"Coody, Pierceson","18474,19840",0.30680462524890667,,,,/workspaces/modelOptimizer/data/wagering/odds_archive/matchups/pga/2026/11/caesars.json,
2026-03-24T23:16:53.170Z,11,2026,2026,3_balls,caesars,close,17488,"Im, Sungjae","19396,27900",0.30898358310831303,,,,/workspaces/modelOptimizer/data/wagering/odds_archive/matchups/pga/2026/11/caesars.json,
2026-03-24T23:16:53.170Z,11,2026,2026,3_balls,caesars,close,19396,"Knapp, Jake","17488,27900",0.5085742590519382,,,,/workspaces/modelOptimizer/data/wagering/odds_archive/matchups/pga/2026/11/caesars.json,
2026-03-24T23:16:53.170Z,11,2026,2026,3_balls,caesars,close,27900,"Potgieter, Aldrich","17488,19396",0.18244215783974874,,,,/workspaces/modelOptimizer/data/wagering/odds_archive/matchups/pga/2026/11/caesars.json,
2026-03-24T23:16:53.170Z,11,2026,2026,3_balls,caesars,close,17365,"Mitchell, Keith","17543,17550",0.46077063517926387,,,,/workspaces/modelOptimizer/data/wagering/odds_archive/matchups/pga/2026/11/caesars.json,
2026-03-24T23:16:53.170Z,11,2026,2026,3_balls,caesars,close,17543,"Kim, Michael","17365,17550",0.34532217213229205,,,,/workspaces/modelOptimizer/data/wagering/odds_archive/matchups/pga/2026/11/caesars.json,
2026-03-24T23:16:53.170Z,11,2026,2026,3_balls,caesars,close,17550,"Van Rooyen, Erik","17365,17543",0.19390719268844417,,,,/workspaces/modelOptimizer/data/wagering/odds_archive/matchups/pga/2026/11/caesars.json,
2026-03-24T23:16:53.170Z,11,2026,2026,3_balls,caesars,close,16394,"Jaeger, Stephan","21891,27194",0.22762173422904397,,,,/workspaces/modelOptimizer/data/wagering/odds_archive/matchups/pga/2026/11/caesars.json,
2026-03-24T23:16:53.170Z,11,2026,2026,3_balls,caesars,close,21891,"Kitayama, Kurt","16394,27194",0.4303394893536725,,,,/workspaces/modelOptimizer/data/wagering/odds_archive/matchups/pga/2026/11/caesars.json,
2026-03-24T23:16:53.170Z,11,2026,2026,3_balls,caesars,close,27194,"Hall, Harry","16394,21891",0.34203877641728353,,,,/workspaces/modelOptimizer/data/wagering/odds_archive/matchups/pga/2026/11/caesars.json,
2026-03-24T23:16:53.170Z,11,2026,2026,3_balls,caesars,close,16283,"Rodgers, Patrick","18424,22465",0.31374418717067565,,,,/workspaces/modelOptimizer/data/wagering/odds_archive/matchups/pga/2026/11/caesars.json,
2026-03-24T23:16:53.170Z,11,2026,2026,3_balls,caesars,close,18424,"Roy, Kevin","16283,22465",0.4703550728034735,,,,/workspaces/modelOptimizer/data/wagering/odds_archive/matchups/pga/2026/11/caesars.json,
2026-03-24T23:16:53.170Z,11,2026,2026,3_balls,caesars,close,22465,"Penge, Marco","16283,18424",0.2159007400258508,,,,/workspaces/modelOptimizer/data/wagering/odds_archive/matchups/pga/2026/11/caesars.json,
2026-03-24T23:16:53.170Z,11,2026,2026,3_balls,caesars,close,15575,"Hoge, Tom","19870,23602",0.2526398109766557,,,,/workspaces/modelOptimizer/data/wagering/odds_archive/matchups/pga/2026/11/caesars.json,
2026-03-24T23:16:53.170Z,11,2026,2026,3_balls,caesars,close,19870,"McCarthy, Denny","15575,23602",0.23102253676081064,,,,/workspaces/modelOptimizer/data/wagering/odds_archive/matchups/pga/2026/11/caesars.json,
2026-03-24T23:16:53.170Z,11,2026,2026,3_balls,caesars,close,23602,"Hojgaard, Nicolai","15575,19870",0.5163376522625337,,,,/workspaces/modelOptimizer/data/wagering/odds_archive/matchups/pga/2026/11/caesars.json,
2026-03-24T23:16:53.170Z,11,2026,2026,3_balls,caesars,close,15556,"Hughes, Mackenzie","21756,23504",0.38495055714326337,,,,/workspaces/modelOptimizer/data/wagering/odds_archive/matchups/pga/2026/11/caesars.json,
2026-03-24T23:16:53.170Z,11,2026,2026,3_balls,caesars,close,21756,"Cole, Eric","15556,23504",0.2945382628823538,,,,/workspaces/modelOptimizer/data/wagering/odds_archive/matchups/pga/2026/11/caesars.json,
2026-03-24T23:16:53.170Z,11,2026,2026,3_balls,caesars,close,23504,"Hoey, Rico","15556,21756",0.3205111799743828,,,,/workspaces/modelOptimizer/data/wagering/odds_archive/matchups/pga/2026/11/caesars.json,
2026-03-24T23:16:53.170Z,11,2026,2026,3_balls,caesars,close,15310,"Li, Haotong","16757,18586",0.21882994359690303,,,,/workspaces/modelOptimizer/data/wagering/odds_archive/matchups/pga/2026/11/caesars.json,
2026-03-24T23:16:53.170Z,11,2026,2026,3_balls,caesars,close,16757,"Dou, Zecheng","15310,18586",0.36153675536985774,,,,/workspaces/modelOptimizer/data/wagering/odds_archive/matchups/pga/2026/11/caesars.json,
2026-03-24T23:16:53.170Z,11,2026,2026,3_balls,caesars,close,18586,"Smith, Jordan","15310,16757",0.4196333010332393,,,,/workspaces/modelOptimizer/data/wagering/odds_archive/matchups/pga/2026/11/caesars.json,
2026-03-24T23:16:53.170Z,11,2026,2026,3_balls,caesars,close,14704,"Putnam, Andrew","25157,25569",0.20274164520032173,,,,/workspaces/modelOptimizer/data/wagering/odds_archive/matchups/pga/2026/11/caesars.json,
2026-03-24T23:16:53.170Z,11,2026,2026,3_balls,caesars,close,25157,"Hodges, Lee","14704,25569",0.5703509522092366,,,,/workspaces/modelOptimizer/data/wagering/odds_archive/matchups/pga/2026/11/caesars.json,
2026-03-24T23:16:53.170Z,11,2026,2026,3_balls,caesars,close,25569,"Stevens, Sam","14704,25157",0.22690740259044162,,,,/workspaces/modelOptimizer/data/wagering/odds_archive/matchups/pga/2026/11/caesars.json,
2026-03-24T23:16:53.170Z,11,2026,2026,3_balls,caesars,close,14578,"Henley, Russell","18841,23323",0.4319996817714467,,,,/workspaces/modelOptimizer/data/wagering/odds_archive/matchups/pga/2026/11/caesars.json,
2026-03-24T23:16:53.170Z,11,2026,2026,3_balls,caesars,close,18841,"Hovland, Viktor","14578,23323",0.3553145224249301,,,,/workspaces/modelOptimizer/data/wagering/odds_archive/matchups/pga/2026/11/caesars.json,
2026-03-24T23:16:53.170Z,11,2026,2026,3_balls,caesars,close,23323,"MacIntyre, Robert","14578,18841",0.2126857958036232,,,,/workspaces/modelOptimizer/data/wagering/odds_archive/matchups/pga/2026/11/caesars.json,
2026-03-24T23:16:53.170Z,11,2026,2026,3_balls,caesars,close,11676,"Finau, Tony","16243,26096",0.20141545005598468,,,,/workspaces/modelOptimizer/data/wagering/odds_archive/matchups/pga/2026/11/caesars.json,
2026-03-24T23:16:53.170Z,11,2026,2026,3_balls,caesars,close,16243,"Koepka, Brooks","11676,26096",0.3157796890192937,,,,/workspaces/modelOptimizer/data/wagering/odds_archive/matchups/pga/2026/11/caesars.json,
2026-03-24T23:16:53.170Z,11,2026,2026,3_balls,caesars,close,26096,"Bhatia, Akshay","11676,16243",0.48280486092472175,,,,/workspaces/modelOptimizer/data/wagering/odds_archive/matchups/pga/2026/11/caesars.json,
2026-03-24T23:16:53.170Z,11,2026,2026,3_balls,caesars,close,14502,"Cauley, Bud","25908,27164",0.34262828402811757,,,,/workspaces/modelOptimizer/data/wagering/odds_archive/matchups/pga/2026/11/caesars.json,
2026-03-24T23:16:53.170Z,11,2026,2026,3_balls,caesars,close,25908,"Whaley, Vince","14502,27164",0.3147537329517886,,,,/workspaces/modelOptimizer/data/wagering/odds_archive/matchups/pga/2026/11/caesars.json,
2026-03-24T23:16:53.170Z,11,2026,2026,3_balls,caesars,close,27164,"Phillips, Chandler","14502,25908",0.3426179830200938,,,,/workspaces/modelOptimizer/data/wagering/odds_archive/matchups/pga/2026/11/caesars.json,
2026-03-24T23:16:53.170Z,11,2026,2026,3_balls,caesars,close,8825,"Harman, Brian","18634,19872",0.26380237230760495,,,,/workspaces/modelOptimizer/data/wagering/odds_archive/matchups/pga/2026/11/caesars.json,
2026-03-24T23:16:53.170Z,11,2026,2026,3_balls,caesars,close,18634,"McNealy, Maverick","8825,19872",0.5099393123401584,,,,/workspaces/modelOptimizer/data/wagering/odds_archive/matchups/pga/2026/11/caesars.json,
2026-03-24T23:16:53.170Z,11,2026,2026,3_balls,caesars,close,19872,"Riley, Davis","8825,18634",0.22625831535223656,,,,/workspaces/modelOptimizer/data/wagering/odds_archive/matchups/pga/2026/11/caesars.json,
2026-03-24T23:16:53.170Z,11,2026,2026,3_balls,caesars,close,10104,"Power, Seamus","13470,32457",0.3180854148741465,,,,/workspaces/modelOptimizer/data/wagering/odds_archive/matchups/pga/2026/11/caesars.json,
2026-03-24T23:16:53.170Z,11,2026,2026,3_balls,caesars,close,13470,"Kizzire, Patton","10104,32457",0.4038491795586202,,,,/workspaces/modelOptimizer/data/wagering/odds_archive/matchups/pga/2026/11/caesars.json,
2026-03-24T23:16:53.170Z,11,2026,2026,3_balls,caesars,close,32457,"Keefer, Johnny","10104,13470",0.27806540556723325,,,,/workspaces/modelOptimizer/data/wagering/odds_archive/matchups/pga/2026/11/caesars.json,
2026-03-24T23:16:53.170Z,11,2026,2026,3_balls,caesars,close,10091,"McIlroy, Rory","13562,19895",0.5516903892213666,,,,/workspaces/modelOptimizer/data/wagering/odds_archive/matchups/pga/2026/11/caesars.json,
2026-03-24T23:16:53.170Z,11,2026,2026,3_balls,caesars,close,13562,"Matsuyama, Hideki","10091,19895",0.24044291922441668,,,,/workspaces/modelOptimizer/data/wagering/odds_archive/matchups/pga/2026/11/caesars.json,
2026-03-24T23:16:53.170Z,11,2026,2026,3_balls,caesars,close,19895,"Schauffele, Xander","10091,13562",0.20786669155421675,,,,/workspaces/modelOptimizer/data/wagering/odds_archive/matchups/pga/2026/11/caesars.json,
2026-03-24T23:16:53.170Z,11,2026,2026,3_balls,caesars,close,10419,"Noren, Alex","13508,17780",0.4373595843508925,,,,/workspaces/modelOptimizer/data/wagering/odds_archive/matchups/pga/2026/11/caesars.json,
2026-03-24T23:16:53.170Z,11,2026,2026,3_balls,caesars,close,13508,"Vegas, Jhonattan","10419,17780",0.22511806509005666,,,,/workspaces/modelOptimizer/data/wagering/odds_archive/matchups/pga/2026/11/caesars.json,
2026-03-24T23:16:53.170Z,11,2026,2026,3_balls,caesars,close,17780,"Pendrith, Taylor","10419,13508",0.3375223505590508,,,,/workspaces/modelOptimizer/data/wagering/odds_archive/matchups/pga/2026/11/caesars.json,
2026-03-24T23:16:53.170Z,11,2026,2026,3_balls,caesars,close,12294,"Fleetwood, Tommy","14139,18417",0.3135668269684354,,,,/workspaces/modelOptimizer/data/wagering/odds_archive/matchups/pga/2026/11/caesars.json,
2026-03-24T23:16:53.170Z,11,2026,2026,3_balls,caesars,close,14139,"Thomas, Justin","12294,18417",0.2894409222090659,,,,/workspaces/modelOptimizer/data/wagering/odds_archive/matchups/pga/2026/11/caesars.json,
2026-03-24T23:16:53.170Z,11,2026,2026,3_balls,caesars,close,18417,"Scheffler, Scottie","12294,14139",0.3969922508224986,,,,/workspaces/modelOptimizer/data/wagering/odds_archive/matchups/pga/2026/11/caesars.json,
2026-03-24T23:16:53.170Z,11,2026,2026,3_balls,caesars,close,12577,"Woodland, Gary","17786,17881",0.41886593989230164,,,,/workspaces/modelOptimizer/data/wagering/odds_archive/matchups/pga/2026/11/caesars.json,
2026-03-24T23:16:53.170Z,11,2026,2026,3_balls,caesars,close,17786,"Davis, Cam","12577,17881",0.2436073483344398,,,,/workspaces/modelOptimizer/data/wagering/odds_archive/matchups/pga/2026/11/caesars.json,
2026-03-24T23:16:53.170Z,11,2026,2026,3_balls,caesars,close,17881,"Yu, Kevin","12577,17786",0.3375267117732585,,,,/workspaces/modelOptimizer/data/wagering/odds_archive/matchups/pga/2026/11/caesars.json,
2026-03-24T23:16:53.170Z,11,2026,2026,3_balls,caesars,close,12808,"Grillo, Emiliano","18103,23465",0.27258475046450736,,,,/workspaces/modelOptimizer/data/wagering/odds_archive/matchups/pga/2026/11/caesars.json,
2026-03-24T23:16:53.170Z,11,2026,2026,3_balls,caesars,close,18103,"Bezuidenhout, Christiaan","12808,23465",0.3419487312947803,,,,/workspaces/modelOptimizer/data/wagering/odds_archive/matchups/pga/2026/11/caesars.json,
2026-03-24T23:16:53.170Z,11,2026,2026,3_balls,caesars,close,23465,"Greyserman, Max","12808,18103",0.38546651824071243,,,,/workspaces/modelOptimizer/data/wagering/odds_archive/matchups/pga/2026/11/caesars.json,
2026-03-24T23:16:53.170Z,11,2026,2026,3_balls,caesars,close,12965,"Fowler, Rickie","14636,23014",0.3794820155638139,,,,/workspaces/modelOptimizer/data/wagering/odds_archive/matchups/pga/2026/11/caesars.json,
2026-03-24T23:16:53.170Z,11,2026,2026,3_balls,caesars,close,14636,"Spieth, Jordan","12965,23014",0.28973642318060894,,,,/workspaces/modelOptimizer/data/wagering/odds_archive/matchups/pga/2026/11/caesars.json,
2026-03-24T23:16:53.170Z,11,2026,2026,3_balls,caesars,close,23014,"Theegala, Sahith","12965,14636",0.3307815612555771,,,,/workspaces/modelOptimizer/data/wagering/odds_archive/matchups/pga/2026/11/caesars.json,
2026-03-24T23:16:53.170Z,11,2026,2026,3_balls,caesars,close,13126,"Taylor, Nick","23475,23604",0.28390849052379746,,,,/workspaces/modelOptimizer/data/wagering/odds_archive/matchups/pga/2026/11/caesars.json,
2026-03-24T23:16:53.170Z,11,2026,2026,3_balls,caesars,close,23475,"Novak, Andrew","13126,23604",0.5274067019224565,,,,/workspaces/modelOptimizer/data/wagering/odds_archive/matchups/pga/2026/11/caesars.json,
2026-03-24T23:16:53.170Z,11,2026,2026,3_balls,caesars,close,23604,"Clark, Wyndham","13126,23475",0.18868480755374606,,,,/workspaces/modelOptimizer/data/wagering/odds_archive/matchups/pga/2026/11/caesars.json,
2026-03-24T23:16:53.170Z,11,2026,2026,3_balls,caesars,close,13412,"Olesen, Thorbjorn","16333,28159",0.36524869314426417,,,,/workspaces/modelOptimizer/data/wagering/odds_archive/matchups/pga/2026/11/caesars.json,
2026-03-24T23:16:53.170Z,11,2026,2026,3_balls,caesars,close,16333,"Hubbard, Mark","13412,28159",0.24971933073205746,,,,/workspaces/modelOptimizer/data/wagering/odds_archive/matchups/pga/2026/11/caesars.json,
2026-03-24T23:16:53.170Z,11,2026,2026,3_balls,caesars,close,28159,"Meissner, Mac","13412,16333",0.38503197612367823,,,,/workspaces/modelOptimizer/data/wagering/odds_archive/matchups/pga/2026/11/caesars.json,
2026-03-24T23:16:53.170Z,11,2026,2026,3_balls,caesars,close,13900,"Lowry, Shane","17511,17536",0.5207602741398072,,,,/workspaces/modelOptimizer/data/wagering/odds_archive/matchups/pga/2026/11/caesars.json,
2026-03-24T23:16:53.170Z,11,2026,2026,3_balls,caesars,close,17511,"Straka, Sepp","13900,17536",0.2801316332599545,,,,/workspaces/modelOptimizer/data/wagering/odds_archive/matchups/pga/2026/11/caesars.json,
2026-03-24T23:16:53.170Z,11,2026,2026,3_balls,caesars,close,17536,"Spaun, J.J.","13900,17511",0.19910809260023818,,,,/workspaces/modelOptimizer/data/wagering/odds_archive/matchups/pga/2026/11/caesars.json,
2026-03-24T23:16:53.170Z,11,2026,2026,3_balls,caesars,close,14509,"Dahmen, Joel","21944,22760",0.27274573461516793,,,,/workspaces/modelOptimizer/data/wagering/odds_archive/matchups/pga/2026/11/caesars.json,
2026-03-24T23:16:53.170Z,11,2026,2026,3_balls,caesars,close,21944,"Moore, Taylor","14509,22760",0.29994604848748896,,,,/workspaces/modelOptimizer/data/wagering/odds_archive/matchups/pga/2026/11/caesars.json,
2026-03-24T23:16:53.170Z,11,2026,2026,3_balls,caesars,close,22760,"Hisatsune, Ryo","14509,21944",0.4273082168973431,,,,/workspaces/modelOptimizer/data/wagering/odds_archive/matchups/pga/2026/11/caesars.json,
2026-03-24T23:16:53.170Z,11,2026,2026,3_balls,caesars,close,9771,"Day, Jason","17576,22833",0.2836184830434992,,,,/workspaces/modelOptimizer/data/wagering/odds_archive/matchups/pga/2026/11/caesars.json,
2026-03-24T23:16:53.170Z,11,2026,2026,3_balls,caesars,close,17576,"Conners, Corey","9771,22833",0.2984306244243706,,,,/workspaces/modelOptimizer/data/wagering/odds_archive/matchups/pga/2026/11/caesars.json,
2026-03-24T23:16:53.170Z,11,2026,2026,3_balls,caesars,close,22833,"Echavarria, Nico","9771,17576",0.41795089253213025,,,,/workspaces/modelOptimizer/data/wagering/odds_archive/matchups/pga/2026/11/caesars.json,
2026-03-24T23:16:53.170Z,11,2026,2026,3_balls,caesars,close,6093,"Rose, Justin","16841,27774",0.21293670366620499,,,,/workspaces/modelOptimizer/data/wagering/odds_archive/matchups/pga/2026/11/caesars.json,
2026-03-24T23:16:53.170Z,11,2026,2026,3_balls,caesars,close,16841,"Lee, Min Woo","6093,27774",0.5244588282209205,,,,/workspaces/modelOptimizer/data/wagering/odds_archive/matchups/pga/2026/11/caesars.json,
2026-03-24T23:16:53.170Z,11,2026,2026,3_balls,caesars,close,27774,"Gotterup, Chris","6093,16841",0.2626044681128746,,,,/workspaces/modelOptimizer/data/wagering/odds_archive/matchups/pga/2026/11/caesars.json,
2026-03-24T23:16:53.170Z,11,2026,2026,3_balls,caesars,close,15575,"Hoge, Tom","19870,23602",0.2526398109766557,,,,/workspaces/modelOptimizer/data/wagering/odds_archive/matchups/pga/2026/11/caesars.json,
2026-03-24T23:16:53.170Z,11,2026,2026,3_balls,caesars,close,19870,"McCarthy, Denny","15575,23602",0.23102253676081064,,,,/workspaces/modelOptimizer/data/wagering/odds_archive/matchups/pga/2026/11/caesars.json,
2026-03-24T23:16:53.170Z,11,2026,2026,3_balls,caesars,close,23602,"Hojgaard, Nicolai","15575,19870",0.5163376522625337,,,,/workspaces/modelOptimizer/data/wagering/odds_archive/matchups/pga/2026/11/caesars.json,
2026-03-24T23:16:53.170Z,11,2026,2026,3_balls,caesars,close,15556,"Hughes, Mackenzie","21756,23504",0.38495055714326337,,,,/workspaces/modelOptimizer/data/wagering/odds_archive/matchups/pga/2026/11/caesars.json,
2026-03-24T23:16:53.170Z,11,2026,2026,3_balls,caesars,close,21756,"Cole, Eric","15556,23504",0.2945382628823538,,,,/workspaces/modelOptimizer/data/wagering/odds_archive/matchups/pga/2026/11/caesars.json,
2026-03-24T23:16:53.170Z,11,2026,2026,3_balls,caesars,close,23504,"Hoey, Rico","15556,21756",0.3205111799743828,,,,/workspaces/modelOptimizer/data/wagering/odds_archive/matchups/pga/2026/11/caesars.json,
2026-03-24T23:16:53.170Z,11,2026,2026,3_balls,caesars,close,15466,"Cantlay, Patrick","27819,29767",0.27682599975124395,,,,/workspaces/modelOptimizer/data/wagering/odds_archive/matchups/pga/2026/11/caesars.json,
2026-03-24T23:16:53.170Z,11,2026,2026,3_balls,caesars,close,27819,"Castillo, Ricky","15466,29767",0.38317996477044114,,,,/workspaces/modelOptimizer/data/wagering/odds_archive/matchups/pga/2026/11/caesars.json,
2026-03-24T23:16:53.170Z,11,2026,2026,3_balls,caesars,close,29767,"Gerard, Ryan","15466,27819",0.3399940354783148,,,,/workspaces/modelOptimizer/data/wagering/odds_archive/matchups/pga/2026/11/caesars.json,
2026-03-24T23:16:53.170Z,11,2026,2026,3_balls,caesars,close,15310,"Li, Haotong","16757,18586",0.21882994359690303,,,,/workspaces/modelOptimizer/data/wagering/odds_archive/matchups/pga/2026/11/caesars.json,
2026-03-24T23:16:53.170Z,11,2026,2026,3_balls,caesars,close,16757,"Dou, Zecheng","15310,18586",0.36153675536985774,,,,/workspaces/modelOptimizer/data/wagering/odds_archive/matchups/pga/2026/11/caesars.json,
2026-03-24T23:16:53.170Z,11,2026,2026,3_balls,caesars,close,18586,"Smith, Jordan","15310,16757",0.4196333010332393,,,,/workspaces/modelOptimizer/data/wagering/odds_archive/matchups/pga/2026/11/caesars.json,
2026-03-24T23:16:53.170Z,11,2026,2026,3_balls,caesars,close,14704,"Putnam, Andrew","25157,25569",0.20274164520032173,,,,/workspaces/modelOptimizer/data/wagering/odds_archive/matchups/pga/2026/11/caesars.json,
2026-03-24T23:16:53.170Z,11,2026,2026,3_balls,caesars,close,25157,"Hodges, Lee","14704,25569",0.5703509522092366,,,,/workspaces/modelOptimizer/data/wagering/odds_archive/matchups/pga/2026/11/caesars.json,
2026-03-24T23:16:53.170Z,11,2026,2026,3_balls,caesars,close,25569,"Stevens, Sam","14704,25157",0.22690740259044162,,,,/workspaces/modelOptimizer/data/wagering/odds_archive/matchups/pga/2026/11/caesars.json,
2026-03-24T23:16:53.170Z,11,2026,2026,3_balls,caesars,close,14578,"Henley, Russell","18841,23323",0.4319996817714467,,,,/workspaces/modelOptimizer/data/wagering/odds_archive/matchups/pga/2026/11/caesars.json,
2026-03-24T23:16:53.170Z,11,2026,2026,3_balls,caesars,close,18841,"Hovland, Viktor","14578,23323",0.3553145224249301,,,,/workspaces/modelOptimizer/data/wagering/odds_archive/matchups/pga/2026/11/caesars.json,
2026-03-24T23:16:53.170Z,11,2026,2026,3_balls,caesars,close,23323,"MacIntyre, Robert","14578,18841",0.2126857958036232,,,,/workspaces/modelOptimizer/data/wagering/odds_archive/matchups/pga/2026/11/caesars.json,
2026-03-24T23:16:53.170Z,11,2026,2026,3_balls,caesars,close,14577,"English, Harris","21554,29197",0.42481409317299795,,,,/workspaces/modelOptimizer/data/wagering/odds_archive/matchups/pga/2026/11/caesars.json,
2026-03-24T23:16:53.170Z,11,2026,2026,3_balls,caesars,close,21554,"Poston, J.T.","14577,29197",0.22179935642256898,,,,/workspaces/modelOptimizer/data/wagering/odds_archive/matchups/pga/2026/11/caesars.json,
2026-03-24T23:16:53.170Z,11,2026,2026,3_balls,caesars,close,29197,"Brennan, Michael","14577,21554",0.353386550404433,,,,/workspaces/modelOptimizer/data/wagering/odds_archive/matchups/pga/2026/11/caesars.json,
2026-03-24T23:16:53.170Z,11,2026,2026,3_balls,caesars,close,14509,"Dahmen, Joel","21944,22760",0.27274573461516793,,,,/workspaces/modelOptimizer/data/wagering/odds_archive/matchups/pga/2026/11/caesars.json,
2026-03-24T23:16:53.170Z,11,2026,2026,3_balls,caesars,close,21944,"Moore, Taylor","14509,22760",0.29994604848748896,,,,/workspaces/modelOptimizer/data/wagering/odds_archive/matchups/pga/2026/11/caesars.json,
2026-03-24T23:16:53.170Z,11,2026,2026,3_balls,caesars,close,22760,"Hisatsune, Ryo","14509,21944",0.4273082168973431,,,,/workspaces/modelOptimizer/data/wagering/odds_archive/matchups/pga/2026/11/caesars.json,
2026-03-24T23:16:53.170Z,11,2026,2026,3_balls,caesars,close,14502,"Cauley, Bud","25908,27164",0.34262828402811757,,,,/workspaces/modelOptimizer/data/wagering/odds_archive/matchups/pga/2026/11/caesars.json,
2026-03-24T23:16:53.170Z,11,2026,2026,3_balls,caesars,close,25908,"Whaley, Vince","14502,27164",0.3147537329517886,,,,/workspaces/modelOptimizer/data/wagering/odds_archive/matchups/pga/2026/11/caesars.json,
2026-03-24T23:16:53.170Z,11,2026,2026,3_balls,caesars,close,27164,"Phillips, Chandler","14502,25908",0.3426179830200938,,,,/workspaces/modelOptimizer/data/wagering/odds_archive/matchups/pga/2026/11/caesars.json,
2026-03-24T23:16:53.170Z,11,2026,2026,3_balls,caesars,close,17365,"Mitchell, Keith","17543,17550",0.46077063517926387,,,,/workspaces/modelOptimizer/data/wagering/odds_archive/matchups/pga/2026/11/caesars.json,
2026-03-24T23:16:53.170Z,11,2026,2026,3_balls,caesars,close,17543,"Kim, Michael","17365,17550",0.34532217213229205,,,,/workspaces/modelOptimizer/data/wagering/odds_archive/matchups/pga/2026/11/caesars.json,
2026-03-24T23:16:53.170Z,11,2026,2026,3_balls,caesars,close,17550,"Van Rooyen, Erik","17365,17543",0.19390719268844417,,,,/workspaces/modelOptimizer/data/wagering/odds_archive/matchups/pga/2026/11/caesars.json,
2026-03-24T23:16:53.170Z,11,2026,2026,3_balls,caesars,close,13412,"Olesen, Thorbjorn","16333,28159",0.36524869314426417,,,,/workspaces/modelOptimizer/data/wagering/odds_archive/matchups/pga/2026/11/caesars.json,
2026-03-24T23:16:53.170Z,11,2026,2026,3_balls,caesars,close,16333,"Hubbard, Mark","13412,28159",0.24971933073205746,,,,/workspaces/modelOptimizer/data/wagering/odds_archive/matchups/pga/2026/11/caesars.json,
2026-03-24T23:16:53.170Z,11,2026,2026,3_balls,caesars,close,28159,"Meissner, Mac","13412,16333",0.38503197612367823,,,,/workspaces/modelOptimizer/data/wagering/odds_archive/matchups/pga/2026/11/caesars.json,
2026-03-24T23:16:53.170Z,11,2026,2026,3_balls,caesars,close,16283,"Rodgers, Patrick","18424,22465",0.31374418717067565,,,,/workspaces/modelOptimizer/data/wagering/odds_archive/matchups/pga/2026/11/caesars.json,
2026-03-24T23:16:53.170Z,11,2026,2026,3_balls,caesars,close,18424,"Roy, Kevin","16283,22465",0.4703550728034735,,,,/workspaces/modelOptimizer/data/wagering/odds_archive/matchups/pga/2026/11/caesars.json,
2026-03-24T23:16:53.170Z,11,2026,2026,3_balls,caesars,close,22465,"Penge, Marco","16283,18424",0.2159007400258508,,,,/workspaces/modelOptimizer/data/wagering/odds_archive/matchups/pga/2026/11/caesars.json,
2026-03-24T23:16:53.170Z,11,2026,2026,3_balls,caesars,close,12965,"Fowler, Rickie","14636,23014",0.3794820155638139,,,,/workspaces/modelOptimizer/data/wagering/odds_archive/matchups/pga/2026/11/caesars.json,
2026-03-24T23:16:53.170Z,11,2026,2026,3_balls,caesars,close,14636,"Spieth, Jordan","12965,23014",0.28973642318060894,,,,/workspaces/modelOptimizer/data/wagering/odds_archive/matchups/pga/2026/11/caesars.json,
2026-03-24T23:16:53.170Z,11,2026,2026,3_balls,caesars,close,23014,"Theegala, Sahith","12965,14636",0.3307815612555771,,,,/workspaces/modelOptimizer/data/wagering/odds_archive/matchups/pga/2026/11/caesars.json,
2026-03-24T23:16:53.170Z,11,2026,2026,3_balls,caesars,close,12808,"Grillo, Emiliano","18103,23465",0.27258475046450736,,,,/workspaces/modelOptimizer/data/wagering/odds_archive/matchups/pga/2026/11/caesars.json,
2026-03-24T23:16:53.170Z,11,2026,2026,3_balls,caesars,close,18103,"Bezuidenhout, Christiaan","12808,23465",0.3419487312947803,,,,/workspaces/modelOptimizer/data/wagering/odds_archive/matchups/pga/2026/11/caesars.json,
2026-03-24T23:16:53.170Z,11,2026,2026,3_balls,caesars,close,23465,"Greyserman, Max","12808,18103",0.38546651824071243,,,,/workspaces/modelOptimizer/data/wagering/odds_archive/matchups/pga/2026/11/caesars.json,
2026-03-24T23:16:53.170Z,11,2026,2026,3_balls,caesars,close,12577,"Woodland, Gary","17786,17881",0.41886593989230164,,,,/workspaces/modelOptimizer/data/wagering/odds_archive/matchups/pga/2026/11/caesars.json,
2026-03-24T23:16:53.170Z,11,2026,2026,3_balls,caesars,close,17786,"Davis, Cam","12577,17881",0.2436073483344398,,,,/workspaces/modelOptimizer/data/wagering/odds_archive/matchups/pga/2026/11/caesars.json,
2026-03-24T23:16:53.170Z,11,2026,2026,3_balls,caesars,close,17881,"Yu, Kevin","12577,17786",0.3375267117732585,,,,/workspaces/modelOptimizer/data/wagering/odds_archive/matchups/pga/2026/11/caesars.json,
2026-03-24T23:16:53.170Z,11,2026,2026,3_balls,caesars,close,12294,"Fleetwood, Tommy","14139,18417",0.3135668269684354,,,,/workspaces/modelOptimizer/data/wagering/odds_archive/matchups/pga/2026/11/caesars.json,
2026-03-24T23:16:53.170Z,11,2026,2026,3_balls,caesars,close,14139,"Thomas, Justin","12294,18417",0.2894409222090659,,,,/workspaces/modelOptimizer/data/wagering/odds_archive/matchups/pga/2026/11/caesars.json,
2026-03-24T23:16:53.170Z,11,2026,2026,3_balls,caesars,close,18417,"Scheffler, Scottie","12294,14139",0.3969922508224986,,,,/workspaces/modelOptimizer/data/wagering/odds_archive/matchups/pga/2026/11/caesars.json,
2026-03-24T23:16:53.170Z,11,2026,2026,3_balls,caesars,close,11676,"Finau, Tony","16243,26096",0.20141545005598468,,,,/workspaces/modelOptimizer/data/wagering/odds_archive/matchups/pga/2026/11/caesars.json,
2026-03-24T23:16:53.170Z,11,2026,2026,3_balls,caesars,close,16243,"Koepka, Brooks","11676,26096",0.3157796890192937,,,,/workspaces/modelOptimizer/data/wagering/odds_archive/matchups/pga/2026/11/caesars.json,
2026-03-24T23:16:53.170Z,11,2026,2026,3_balls,caesars,close,26096,"Bhatia, Akshay","11676,16243",0.48280486092472175,,,,/workspaces/modelOptimizer/data/wagering/odds_archive/matchups/pga/2026/11/caesars.json,
2026-03-24T23:16:53.170Z,11,2026,2026,3_balls,caesars,close,10419,"Noren, Alex","13508,17780",0.4373595843508925,,,,/workspaces/modelOptimizer/data/wagering/odds_archive/matchups/pga/2026/11/caesars.json,
2026-03-24T23:16:53.170Z,11,2026,2026,3_balls,caesars,close,13508,"Vegas, Jhonattan","10419,17780",0.22511806509005666,,,,/workspaces/modelOptimizer/data/wagering/odds_archive/matchups/pga/2026/11/caesars.json,
2026-03-24T23:16:53.170Z,11,2026,2026,3_balls,caesars,close,17780,"Pendrith, Taylor","10419,13508",0.3375223505590508,,,,/workspaces/modelOptimizer/data/wagering/odds_archive/matchups/pga/2026/11/caesars.json,
2026-03-24T23:16:53.170Z,11,2026,2026,3_balls,caesars,close,10104,"Power, Seamus","13470,32457",0.3180854148741465,,,,/workspaces/modelOptimizer/data/wagering/odds_archive/matchups/pga/2026/11/caesars.json,
2026-03-24T23:16:53.170Z,11,2026,2026,3_balls,caesars,close,13470,"Kizzire, Patton","10104,32457",0.4038491795586202,,,,/workspaces/modelOptimizer/data/wagering/odds_archive/matchups/pga/2026/11/caesars.json,
2026-03-24T23:16:53.170Z,11,2026,2026,3_balls,caesars,close,32457,"Keefer, Johnny","10104,13470",0.27806540556723325,,,,/workspaces/modelOptimizer/data/wagering/odds_archive/matchups/pga/2026/11/caesars.json,
2026-03-24T23:16:53.170Z,11,2026,2026,3_balls,caesars,close,13900,"Lowry, Shane","17511,17536",0.5207602741398072,,,,/workspaces/modelOptimizer/data/wagering/odds_archive/matchups/pga/2026/11/caesars.json,
2026-03-24T23:16:53.170Z,11,2026,2026,3_balls,caesars,close,17511,"Straka, Sepp","13900,17536",0.2801316332599545,,,,/workspaces/modelOptimizer/data/wagering/odds_archive/matchups/pga/2026/11/caesars.json,
2026-03-24T23:16:53.170Z,11,2026,2026,3_balls,caesars,close,17536,"Spaun, J.J.","13900,17511",0.19910809260023818,,,,/workspaces/modelOptimizer/data/wagering/odds_archive/matchups/pga/2026/11/caesars.json,
2026-03-24T23:16:53.170Z,11,2026,2026,3_balls,caesars,close,13126,"Taylor, Nick","23475,23604",0.28390849052379746,,,,/workspaces/modelOptimizer/data/wagering/odds_archive/matchups/pga/2026/11/caesars.json,
2026-03-24T23:16:53.170Z,11,2026,2026,3_balls,caesars,close,23475,"Novak, Andrew","13126,23604",0.5274067019224565,,,,/workspaces/modelOptimizer/data/wagering/odds_archive/matchups/pga/2026/11/caesars.json,
2026-03-24T23:16:53.170Z,11,2026,2026,3_balls,caesars,close,23604,"Clark, Wyndham","13126,23475",0.18868480755374606,,,,/workspaces/modelOptimizer/data/wagering/odds_archive/matchups/pga/2026/11/caesars.json,
2026-03-24T23:16:53.170Z,11,2026,2026,3_balls,caesars,close,19729,"Kanaya, Takumi","20722,23505",0.3419741812136518,,,,/workspaces/modelOptimizer/data/wagering/odds_archive/matchups/pga/2026/11/caesars.json,
2026-03-24T23:16:53.170Z,11,2026,2026,3_balls,caesars,close,20722,"Schmid, Matti","19729,23505",0.35726061325868785,,,,/workspaces/modelOptimizer/data/wagering/odds_archive/matchups/pga/2026/11/caesars.json,
2026-03-24T23:16:53.170Z,11,2026,2026,3_balls,caesars,close,23505,"McGreevy, Max","19729,20722",0.30076520552766045,,,,/workspaces/modelOptimizer/data/wagering/odds_archive/matchups/pga/2026/11/caesars.json,
2026-03-24T23:16:53.170Z,11,2026,2026,3_balls,caesars,close,17488,"Im, Sungjae","19396,27900",0.30898358310831303,,,,/workspaces/modelOptimizer/data/wagering/odds_archive/matchups/pga/2026/11/caesars.json,
2026-03-24T23:16:53.170Z,11,2026,2026,3_balls,caesars,close,19396,"Knapp, Jake","17488,27900",0.5085742590519382,,,,/workspaces/modelOptimizer/data/wagering/odds_archive/matchups/pga/2026/11/caesars.json,
2026-03-24T23:16:53.170Z,11,2026,2026,3_balls,caesars,close,27900,"Potgieter, Aldrich","17488,19396",0.18244215783974874,,,,/workspaces/modelOptimizer/data/wagering/odds_archive/matchups/pga/2026/11/caesars.json,
2026-03-24T23:16:53.170Z,11,2026,2026,3_balls,caesars,close,16394,"Jaeger, Stephan","21891,27194",0.22762173422904397,,,,/workspaces/modelOptimizer/data/wagering/odds_archive/matchups/pga/2026/11/caesars.json,
2026-03-24T23:16:53.170Z,11,2026,2026,3_balls,caesars,close,21891,"Kitayama, Kurt","16394,27194",0.4303394893536725,,,,/workspaces/modelOptimizer/data/wagering/odds_archive/matchups/pga/2026/11/caesars.json,
2026-03-24T23:16:53.170Z,11,2026,2026,3_balls,caesars,close,27194,"Hall, Harry","16394,21891",0.34203877641728353,,,,/workspaces/modelOptimizer/data/wagering/odds_archive/matchups/pga/2026/11/caesars.json,
2026-03-24T23:16:53.170Z,11,2026,2026,3_balls,caesars,close,7399,"Glover, Lucas","17646,23816",0.4054690015102387,,,,/workspaces/modelOptimizer/data/wagering/odds_archive/matchups/pga/2026/11/caesars.json,
2026-03-24T23:16:53.170Z,11,2026,2026,3_balls,caesars,close,17646,"Fitzpatrick, Matt","7399,23816",0.35787288853088617,,,,/workspaces/modelOptimizer/data/wagering/odds_archive/matchups/pga/2026/11/caesars.json,
2026-03-24T23:16:53.170Z,11,2026,2026,3_balls,caesars,close,23816,"Valimaki, Sami","7399,17646",0.23665810995887526,,,,/workspaces/modelOptimizer/data/wagering/odds_archive/matchups/pga/2026/11/caesars.json,
2026-03-24T23:16:53.170Z,11,2026,2026,3_balls,caesars,close,6430,"Scott, Adam","24968,29433",0.4182297015361018,,,,/workspaces/modelOptimizer/data/wagering/odds_archive/matchups/pga/2026/11/caesars.json,
2026-03-24T23:16:53.170Z,11,2026,2026,3_balls,caesars,close,24968,"Griffin, Ben","6430,29433",0.21535308648860402,,,,/workspaces/modelOptimizer/data/wagering/odds_archive/matchups/pga/2026/11/caesars.json,
2026-03-24T23:16:53.170Z,11,2026,2026,3_balls,caesars,close,29433,"Bridgeman, Jacob","6430,24968",0.36641721197529414,,,,/workspaces/modelOptimizer/data/wagering/odds_archive/matchups/pga/2026/11/caesars.json,
2026-03-24T23:16:53.170Z,11,2026,2026,3_balls,caesars,close,6093,"Rose, Justin","16841,27774",0.21293670366620499,,,,/workspaces/modelOptimizer/data/wagering/odds_archive/matchups/pga/2026/11/caesars.json,
2026-03-24T23:16:53.170Z,11,2026,2026,3_balls,caesars,close,16841,"Lee, Min Woo","6093,27774",0.5244588282209205,,,,/workspaces/modelOptimizer/data/wagering/odds_archive/matchups/pga/2026/11/caesars.json,
2026-03-24T23:16:53.170Z,11,2026,2026,3_balls,caesars,close,27774,"Gotterup, Chris","6093,16841",0.2626044681128746,,,,/workspaces/modelOptimizer/data/wagering/odds_archive/matchups/pga/2026/11/caesars.json,
2026-03-24T23:16:53.170Z,11,2026,2026,3_balls,caesars,close,26657,"Fisk, Steven","28469,29770",0.5437678339329828,,,,/workspaces/modelOptimizer/data/wagering/odds_archive/matchups/pga/2026/11/caesars.json,
2026-03-24T23:16:53.170Z,11,2026,2026,3_balls,caesars,close,28469,"Highsmith, Joe","26657,29770",0.14044859897542097,,,,/workspaces/modelOptimizer/data/wagering/odds_archive/matchups/pga/2026/11/caesars.json,
2026-03-24T23:16:53.170Z,11,2026,2026,3_balls,caesars,close,29770,"Mouw, William","26657,28469",0.31578356709159616,,,,/workspaces/modelOptimizer/data/wagering/odds_archive/matchups/pga/2026/11/caesars.json,
2026-03-24T23:16:53.170Z,11,2026,2026,3_balls,caesars,close,21407,"Reitan, Kristoffer","23838,25003",0.2829023077006611,,,,/workspaces/modelOptimizer/data/wagering/odds_archive/matchups/pga/2026/11/caesars.json,
2026-03-24T23:16:53.170Z,11,2026,2026,3_balls,caesars,close,23838,"Hojgaard, Rasmus","21407,25003",0.4266302000940435,,,,/workspaces/modelOptimizer/data/wagering/odds_archive/matchups/pga/2026/11/caesars.json,
2026-03-24T23:16:53.170Z,11,2026,2026,3_balls,caesars,close,25003,"Walker, Danny","21407,23838",0.2904674922052955,,,,/workspaces/modelOptimizer/data/wagering/odds_archive/matchups/pga/2026/11/caesars.json,
2026-03-24T23:16:53.170Z,11,2026,2026,3_balls,caesars,close,8825,"Harman, Brian","18634,19872",0.26380237230760495,,,,/workspaces/modelOptimizer/data/wagering/odds_archive/matchups/pga/2026/11/caesars.json,
2026-03-24T23:16:53.170Z,11,2026,2026,3_balls,caesars,close,18634,"McNealy, Maverick","8825,19872",0.5099393123401584,,,,/workspaces/modelOptimizer/data/wagering/odds_archive/matchups/pga/2026/11/caesars.json,
2026-03-24T23:16:53.170Z,11,2026,2026,3_balls,caesars,close,19872,"Riley, Davis","8825,18634",0.22625831535223656,,,,/workspaces/modelOptimizer/data/wagering/odds_archive/matchups/pga/2026/11/caesars.json,
2026-03-24T23:16:53.170Z,11,2026,2026,3_balls,caesars,close,19846,"Bauchou, Zach","21883,29925",0.3485403181059837,,,,/workspaces/modelOptimizer/data/wagering/odds_archive/matchups/pga/2026/11/caesars.json,
2026-03-24T23:16:53.170Z,11,2026,2026,3_balls,caesars,close,21883,"Ewart, A.J.","19846,29925",0.27313565269096873,,,,/workspaces/modelOptimizer/data/wagering/odds_archive/matchups/pga/2026/11/caesars.json,
2026-03-24T23:16:53.170Z,11,2026,2026,3_balls,caesars,close,29925,"Yellamaraju, Sudarshan","19846,21883",0.3783240292030476,,,,/workspaces/modelOptimizer/data/wagering/odds_archive/matchups/pga/2026/11/caesars.json,
2026-03-24T23:16:53.170Z,11,2026,2026,3_balls,caesars,close,19483,"Burns, Sam","26651,27364",0.22780512675986572,,,,/workspaces/modelOptimizer/data/wagering/odds_archive/matchups/pga/2026/11/caesars.json,
2026-03-24T23:16:53.170Z,11,2026,2026,3_balls,caesars,close,26651,"Young, Cameron","19483,27364",0.44177819643922783,,,,/workspaces/modelOptimizer/data/wagering/odds_archive/matchups/pga/2026/11/caesars.json,
2026-03-24T23:16:53.170Z,11,2026,2026,3_balls,caesars,close,27364,"Thompson, Davis","19483,26651",0.3304166768009063,,,,/workspaces/modelOptimizer/data/wagering/odds_archive/matchups/pga/2026/11/caesars.json,
2026-03-24T23:16:53.170Z,11,2026,2026,3_balls,caesars,close,19477,"Schenk, Adam","24342,28635",0.2505582223736497,,,,/workspaces/modelOptimizer/data/wagering/odds_archive/matchups/pga/2026/11/caesars.json,
2026-03-24T23:16:53.170Z,11,2026,2026,3_balls,caesars,close,24342,"Higgo, Garrick","19477,28635",0.36198138042184,,,,/workspaces/modelOptimizer/data/wagering/odds_archive/matchups/pga/2026/11/caesars.json,
2026-03-24T23:16:53.170Z,11,2026,2026,3_balls,caesars,close,28635,"McCarty, Matt","19477,24342",0.38746039720451025,,,,/workspaces/modelOptimizer/data/wagering/odds_archive/matchups/pga/2026/11/caesars.json,
2026-03-24T23:16:53.170Z,11,2026,2026,3_balls,caesars,close,18554,"Rai, Aaron","18628,24304",0.4883145603856698,,,,/workspaces/modelOptimizer/data/wagering/odds_archive/matchups/pga/2026/11/caesars.json,
2026-03-24T23:16:53.170Z,11,2026,2026,3_balls,caesars,close,18628,"Campbell, Brian","18554,24304",0.21040055897291368,,,,/workspaces/modelOptimizer/data/wagering/odds_archive/matchups/pga/2026/11/caesars.json,
2026-03-24T23:16:53.170Z,11,2026,2026,3_balls,caesars,close,24304,"Vilips, Karl","18554,18628",0.3012848806414166,,,,/workspaces/modelOptimizer/data/wagering/odds_archive/matchups/pga/2026/11/caesars.json,
2026-03-24T23:16:53.170Z,11,2026,2026,3_balls,caesars,close,18474,"Smalley, Alex","19840,28309",0.42340890462546205,,,,/workspaces/modelOptimizer/data/wagering/odds_archive/matchups/pga/2026/11/caesars.json,
2026-03-24T23:16:53.170Z,11,2026,2026,3_balls,caesars,close,19840,"Ramey, Chad","18474,28309",0.2697864701256313,,,,/workspaces/modelOptimizer/data/wagering/odds_archive/matchups/pga/2026/11/caesars.json,
2026-03-24T23:16:53.170Z,11,2026,2026,3_balls,caesars,close,28309,"Coody, Pierceson","18474,19840",0.30680462524890667,,,,/workspaces/modelOptimizer/data/wagering/odds_archive/matchups/pga/2026/11/caesars.json,
2026-03-24T23:16:53.170Z,11,2026,2026,3_balls,caesars,close,17538,"Homa, Max","17606,26649",0.3043406973356414,,,,/workspaces/modelOptimizer/data/wagering/odds_archive/matchups/pga/2026/11/caesars.json,
2026-03-24T23:16:53.170Z,11,2026,2026,3_balls,caesars,close,17606,"Berger, Daniel","17538,26649",0.4741440728809531,,,,/workspaces/modelOptimizer/data/wagering/odds_archive/matchups/pga/2026/11/caesars.json,
2026-03-24T23:16:53.170Z,11,2026,2026,3_balls,caesars,close,26649,"Thorbjornsen, Michael","17538,17606",0.22151522978340543,,,,/workspaces/modelOptimizer/data/wagering/odds_archive/matchups/pga/2026/11/caesars.json,
2026-03-24T23:16:53.170Z,11,2026,2026,3_balls,caesars,close,19960,"Pavon, Matthieu","21688,22985",0.37128116528410804,,,,/workspaces/modelOptimizer/data/wagering/odds_archive/matchups/pga/2026/11/caesars.json,
2026-03-24T23:16:53.170Z,11,2026,2026,3_balls,caesars,close,21688,"Kim, S.H.","19960,22985",0.16046115812667058,,,,/workspaces/modelOptimizer/data/wagering/odds_archive/matchups/pga/2026/11/caesars.json,
2026-03-24T23:16:53.170Z,11,2026,2026,3_balls,caesars,close,22985,"Smotherman, Austin","19960,21688",0.4682576765892214,,,,/workspaces/modelOptimizer/data/wagering/odds_archive/matchups/pga/2026/11/caesars.json,
2026-03-24T23:16:53.170Z,11,2026,2026,3_balls,caesars,close,6093,"Rose, Justin",14636,0.409394988193802,,,,/workspaces/modelOptimizer/data/wagering/odds_archive/matchups/pga/2026/11/caesars.json,
2026-03-24T23:16:53.170Z,11,2026,2026,3_balls,caesars,close,14636,"Spieth, Jordan",6093,0.5906050118061981,,,,/workspaces/modelOptimizer/data/wagering/odds_archive/matchups/pga/2026/11/caesars.json,
2026-03-24T23:16:53.170Z,11,2026,2026,3_balls,caesars,close,17606,"Berger, Daniel",26096,0.4262654510600316,,,,/workspaces/modelOptimizer/data/wagering/odds_archive/matchups/pga/2026/11/caesars.json,
2026-03-24T23:16:53.170Z,11,2026,2026,3_balls,caesars,close,26096,"Bhatia, Akshay",17606,0.5737345489399683,,,,/workspaces/modelOptimizer/data/wagering/odds_archive/matchups/pga/2026/11/caesars.json,
2026-03-24T23:16:53.170Z,11,2026,2026,3_balls,caesars,close,16841,"Lee, Min Woo",27774,0.66634898446401,,,,/workspaces/modelOptimizer/data/wagering/odds_archive/matchups/pga/2026/11/caesars.json,
2026-03-24T23:16:53.170Z,11,2026,2026,3_balls,caesars,close,27774,"Gotterup, Chris",16841,0.33365101553598997,,,,/workspaces/modelOptimizer/data/wagering/odds_archive/matchups/pga/2026/11/caesars.json,
2026-03-24T23:16:53.170Z,11,2026,2026,3_balls,caesars,close,16243,"Koepka, Brooks",18841,0.5231396745676871,,,,/workspaces/modelOptimizer/data/wagering/odds_archive/matchups/pga/2026/11/caesars.json,
2026-03-24T23:16:53.170Z,11,2026,2026,3_balls,caesars,close,18841,"Hovland, Viktor",16243,0.47686032543231294,,,,/workspaces/modelOptimizer/data/wagering/odds_archive/matchups/pga/2026/11/caesars.json,
2026-03-24T23:16:53.170Z,11,2026,2026,3_balls,caesars,close,14609,"Kim, Si Woo",26651,0.5154192349523898,,,,/workspaces/modelOptimizer/data/wagering/odds_archive/matchups/pga/2026/11/caesars.json,
2026-03-24T23:16:53.170Z,11,2026,2026,3_balls,caesars,close,26651,"Young, Cameron",14609,0.48458076504761016,,,,/workspaces/modelOptimizer/data/wagering/odds_archive/matchups/pga/2026/11/caesars.json,
2026-03-24T23:16:53.170Z,11,2026,2026,3_balls,caesars,close,13562,"Matsuyama, Hideki",14578,0.4024985629951545,,,,/workspaces/modelOptimizer/data/wagering/odds_archive/matchups/pga/2026/11/caesars.json,
2026-03-24T23:16:53.170Z,11,2026,2026,3_balls,caesars,close,14578,"Henley, Russell",13562,0.5975014370048455,,,,/workspaces/modelOptimizer/data/wagering/odds_archive/matchups/pga/2026/11/caesars.json,
2026-03-24T23:16:53.170Z,11,2026,2026,3_balls,caesars,close,12965,"Fowler, Rickie",15466,0.6238446202163134,,,,/workspaces/modelOptimizer/data/wagering/odds_archive/matchups/pga/2026/11/caesars.json,
2026-03-24T23:16:53.170Z,11,2026,2026,3_balls,caesars,close,15466,"Cantlay, Patrick",12965,0.3761553797836866,,,,/workspaces/modelOptimizer/data/wagering/odds_archive/matchups/pga/2026/11/caesars.json,
2026-03-24T23:16:53.170Z,11,2026,2026,3_balls,caesars,close,12294,"Fleetwood, Tommy",23950,0.31489485315987514,,,,/workspaces/modelOptimizer/data/wagering/odds_archive/matchups/pga/2026/11/caesars.json,
2026-03-24T23:16:53.170Z,11,2026,2026,3_balls,caesars,close,23950,"Aberg, Ludvig",12294,0.6851051468401248,,,,/workspaces/modelOptimizer/data/wagering/odds_archive/matchups/pga/2026/11/caesars.json,
2026-03-24T23:16:53.170Z,11,2026,2026,3_balls,caesars,close,12965,"Fowler, Rickie",14636,0.5670525400880946,,,,/workspaces/modelOptimizer/data/wagering/odds_archive/matchups/pga/2026/11/caesars.json,
2026-03-24T23:16:53.170Z,11,2026,2026,3_balls,caesars,close,14636,"Spieth, Jordan",12965,0.4329474599119054,,,,/workspaces/modelOptimizer/data/wagering/odds_archive/matchups/pga/2026/11/caesars.json,
2026-03-24T23:16:53.170Z,11,2026,2026,3_balls,caesars,close,13900,"Lowry, Shane",14577,0.6801751729104458,,,,/workspaces/modelOptimizer/data/wagering/odds_archive/matchups/pga/2026/11/caesars.json,
2026-03-24T23:16:53.170Z,11,2026,2026,3_balls,caesars,close,14577,"English, Harris",13900,0.3198248270895542,,,,/workspaces/modelOptimizer/data/wagering/odds_archive/matchups/pga/2026/11/caesars.json,
2026-03-24T23:16:53.170Z,11,2026,2026,3_balls,caesars,close,17511,"Straka, Sepp",29433,0.39766377323156094,,,,/workspaces/modelOptimizer/data/wagering/odds_archive/matchups/pga/2026/11/caesars.json,
2026-03-24T23:16:53.170Z,11,2026,2026,3_balls,caesars,close,29433,"Bridgeman, Jacob",17511,0.6023362267684391,,,,/workspaces/modelOptimizer/data/wagering/odds_archive/matchups/pga/2026/11/caesars.json,
2026-03-24T23:16:53.170Z,11,2026,2026,3_balls,caesars,close,17646,"Fitzpatrick, Matt",23323,0.5665415909901126,,,,/workspaces/modelOptimizer/data/wagering/odds_archive/matchups/pga/2026/11/caesars.json,
2026-03-24T23:16:53.170Z,11,2026,2026,3_balls,caesars,close,23323,"MacIntyre, Robert",17646,0.4334584090098874,,,,/workspaces/modelOptimizer/data/wagering/odds_archive/matchups/pga/2026/11/caesars.json,
2026-03-24T23:16:53.170Z,11,2026,2026,3_balls,caesars,close,18634,"McNealy, Maverick",24968,0.5843341463959654,,,,/workspaces/modelOptimizer/data/wagering/odds_archive/matchups/pga/2026/11/caesars.json,
2026-03-24T23:16:53.170Z,11,2026,2026,3_balls,caesars,close,24968,"Griffin, Ben",18634,0.41566585360403463,,,,/workspaces/modelOptimizer/data/wagering/odds_archive/matchups/pga/2026/11/caesars.json,
2026-03-24T23:16:53.170Z,11,2026,2026,3_balls,caesars,close,23950,"Aberg, Ludvig",29767,0.6644489997306307,,,,/workspaces/modelOptimizer/data/wagering/odds_archive/matchups/pga/2026/11/caesars.json,
2026-03-24T23:16:53.170Z,11,2026,2026,3_balls,caesars,close,29767,"Gerard, Ryan",23950,0.33555100026936935,,,,/workspaces/modelOptimizer/data/wagering/odds_archive/matchups/pga/2026/11/caesars.json,
2026-03-24T23:16:53.170Z,11,2026,2026,3_balls,caesars,close,6093,"Rose, Justin",9771,0.4870808760168067,,,,/workspaces/modelOptimizer/data/wagering/odds_archive/matchups/pga/2026/11/caesars.json,
2026-03-24T23:16:53.170Z,11,2026,2026,3_balls,caesars,close,9771,"Day, Jason",6093,0.5129191239831933,,,,/workspaces/modelOptimizer/data/wagering/odds_archive/matchups/pga/2026/11/caesars.json,
2026-03-24T23:16:53.170Z,11,2026,2026,3_balls,caesars,close,18424,"Roy, Kevin",21554,0.7582094459453755,,,,/workspaces/modelOptimizer/data/wagering/odds_archive/matchups/pga/2026/11/caesars.json,
2026-03-24T23:16:53.170Z,11,2026,2026,3_balls,caesars,close,21554,"Poston, J.T.",18424,0.24179055405462446,,,,/workspaces/modelOptimizer/data/wagering/odds_archive/matchups/pga/2026/11/caesars.json,
2026-03-24T23:16:53.170Z,11,2026,2026,3_balls,caesars,close,8825,"Harman, Brian",18841,0.3091225673343586,,,,/workspaces/modelOptimizer/data/wagering/odds_archive/matchups/pga/2026/11/caesars.json,
2026-03-24T23:16:53.170Z,11,2026,2026,3_balls,caesars,close,18841,"Hovland, Viktor",8825,0.6908774326656414,,,,/workspaces/modelOptimizer/data/wagering/odds_archive/matchups/pga/2026/11/caesars.json,
2026-03-24T23:16:53.170Z,11,2026,2026,3_balls,caesars,close,6430,"Scott, Adam",13126,0.6210106382927584,,,,/workspaces/modelOptimizer/data/wagering/odds_archive/matchups/pga/2026/11/caesars.json,
2026-03-24T23:16:53.170Z,11,2026,2026,3_balls,caesars,close,13126,"Taylor, Nick",6430,0.3789893617072416,,,,/workspaces/modelOptimizer/data/wagering/odds_archive/matchups/pga/2026/11/caesars.json,
2026-03-24T23:16:53.170Z,11,2026,2026,3_balls,caesars,close,27819,"Castillo, Ricky",29925,0.44296382855359434,,,,/workspaces/modelOptimizer/data/wagering/odds_archive/matchups/pga/2026/11/caesars.json,
2026-03-24T23:16:53.170Z,11,2026,2026,3_balls,caesars,close,29925,"Yellamaraju, Sudarshan",27819,0.5570361714464056,,,,/workspaces/modelOptimizer/data/wagering/odds_archive/matchups/pga/2026/11/caesars.json,
2026-03-24T23:16:53.170Z,11,2026,2026,3_balls,caesars,close,25157,"Hodges, Lee",29433,0.5695842591113153,,,,/workspaces/modelOptimizer/data/wagering/odds_archive/matchups/pga/2026/11/caesars.json,
2026-03-24T23:16:53.170Z,11,2026,2026,3_balls,caesars,close,29433,"Bridgeman, Jacob",25157,0.43041574088868473,,,,/workspaces/modelOptimizer/data/wagering/odds_archive/matchups/pga/2026/11/caesars.json,
2026-03-24T23:16:53.170Z,11,2026,2026,3_balls,caesars,close,19895,"Schauffele, Xander",23950,0.3173895272403394,,,,/workspaces/modelOptimizer/data/wagering/odds_archive/matchups/pga/2026/11/caesars.json,
2026-03-24T23:16:53.170Z,11,2026,2026,3_balls,caesars,close,23950,"Aberg, Ludvig",19895,0.6826104727596606,,,,/workspaces/modelOptimizer/data/wagering/odds_archive/matchups/pga/2026/11/caesars.json,
2026-03-24T23:16:53.170Z,11,2026,2026,3_balls,caesars,close,19846,"Bauchou, Zach",21756,0.6574404050991958,,,,/workspaces/modelOptimizer/data/wagering/odds_archive/matchups/pga/2026/11/caesars.json,
2026-03-24T23:16:53.170Z,11,2026,2026,3_balls,caesars,close,21756,"Cole, Eric",19846,0.34255959490080423,,,,/workspaces/modelOptimizer/data/wagering/odds_archive/matchups/pga/2026/11/caesars.json,
2026-03-24T23:16:53.170Z,11,2026,2026,3_balls,caesars,close,19840,"Ramey, Chad",23014,0.4189237564564709,,,,/workspaces/modelOptimizer/data/wagering/odds_archive/matchups/pga/2026/11/caesars.json,
2026-03-24T23:16:53.170Z,11,2026,2026,3_balls,caesars,close,23014,"Theegala, Sahith",19840,0.581076243543529,,,,/workspaces/modelOptimizer/data/wagering/odds_archive/matchups/pga/2026/11/caesars.json,
2026-03-24T23:16:53.170Z,11,2026,2026,3_balls,caesars,close,19729,"Kanaya, Takumi",22833,0.4660005274208824,,,,/workspaces/modelOptimizer/data/wagering/odds_archive/matchups/pga/2026/11/caesars.json,
2026-03-24T23:16:53.170Z,11,2026,2026,3_balls,caesars,close,22833,"Echavarria, Nico",19729,0.5339994725791176,,,,/workspaces/modelOptimizer/data/wagering/odds_archive/matchups/pga/2026/11/caesars.json,
2026-03-24T23:16:53.170Z,11,2026,2026,3_balls,caesars,close,19483,"Burns, Sam",27774,0.44928364889125566,,,,/workspaces/modelOptimizer/data/wagering/odds_archive/matchups/pga/2026/11/caesars.json,
2026-03-24T23:16:53.170Z,11,2026,2026,3_balls,caesars,close,27774,"Gotterup, Chris",19483,0.5507163511087443,,,,/workspaces/modelOptimizer/data/wagering/odds_archive/matchups/pga/2026/11/caesars.json,
2026-03-24T23:16:53.170Z,11,2026,2026,3_balls,caesars,close,18634,"McNealy, Maverick",22985,0.4439460142948077,,,,/workspaces/modelOptimizer/data/wagering/odds_archive/matchups/pga/2026/11/caesars.json,
2026-03-24T23:16:53.170Z,11,2026,2026,3_balls,caesars,close,22985,"Smotherman, Austin",18634,0.5560539857051923,,,,/workspaces/modelOptimizer/data/wagering/odds_archive/matchups/pga/2026/11/caesars.json,
2026-03-24T23:16:53.170Z,11,2026,2026,3_balls,caesars,close,18474,"Smalley, Alex",22760,0.4981302537391853,,,,/workspaces/modelOptimizer/data/wagering/odds_archive/matchups/pga/2026/11/caesars.json,
2026-03-24T23:16:53.170Z,11,2026,2026,3_balls,caesars,close,22760,"Hisatsune, Ryo",18474,0.5018697462608147,,,,/workspaces/modelOptimizer/data/wagering/odds_archive/matchups/pga/2026/11/caesars.json,
2026-03-24T23:16:53.170Z,11,2026,2026,3_balls,caesars,close,17780,"Pendrith, Taylor",25569,0.6008363040027916,,,,/workspaces/modelOptimizer/data/wagering/odds_archive/matchups/pga/2026/11/caesars.json,
2026-03-24T23:16:53.170Z,11,2026,2026,3_balls,caesars,close,25569,"Stevens, Sam",17780,0.39916369599720836,,,,/workspaces/modelOptimizer/data/wagering/odds_archive/matchups/pga/2026/11/caesars.json,
2026-03-24T23:16:53.170Z,11,2026,2026,3_balls,caesars,close,17606,"Berger, Daniel",23504,0.6864093609527084,,,,/workspaces/modelOptimizer/data/wagering/odds_archive/matchups/pga/2026/11/caesars.json,
2026-03-24T23:16:53.170Z,11,2026,2026,3_balls,caesars,close,23504,"Hoey, Rico",17606,0.31359063904729156,,,,/workspaces/modelOptimizer/data/wagering/odds_archive/matchups/pga/2026/11/caesars.json,
2026-03-24T23:16:53.170Z,11,2026,2026,3_balls,caesars,close,17576,"Conners, Corey",26651,0.3622041114471488,,,,/workspaces/modelOptimizer/data/wagering/odds_archive/matchups/pga/2026/11/caesars.json,
2026-03-24T23:16:53.170Z,11,2026,2026,3_balls,caesars,close,26651,"Young, Cameron",17576,0.6377958885528512,,,,/workspaces/modelOptimizer/data/wagering/odds_archive/matchups/pga/2026/11/caesars.json,
2026-03-24T23:16:53.170Z,11,2026,2026,3_balls,caesars,close,17538,"Homa, Max",20722,0.5070850277943014,,,,/workspaces/modelOptimizer/data/wagering/odds_archive/matchups/pga/2026/11/caesars.json,
2026-03-24T23:16:53.170Z,11,2026,2026,3_balls,caesars,close,20722,"Schmid, Matti",17538,0.4929149722056986,,,,/workspaces/modelOptimizer/data/wagering/odds_archive/matchups/pga/2026/11/caesars.json,
2026-03-24T23:16:53.170Z,11,2026,2026,3_balls,caesars,close,17536,"Spaun, J.J.",23604,0.5033837499307374,,,,/workspaces/modelOptimizer/data/wagering/odds_archive/matchups/pga/2026/11/caesars.json,
2026-03-24T23:16:53.170Z,11,2026,2026,3_balls,caesars,close,23604,"Clark, Wyndham",17536,0.4966162500692626,,,,/workspaces/modelOptimizer/data/wagering/odds_archive/matchups/pga/2026/11/caesars.json,
2026-03-24T23:16:53.170Z,11,2026,2026,3_balls,caesars,close,16394,"Jaeger, Stephan",26657,0.2859136814487728,,,,/workspaces/modelOptimizer/data/wagering/odds_archive/matchups/pga/2026/11/caesars.json,
2026-03-24T23:16:53.170Z,11,2026,2026,3_balls,caesars,close,26657,"Fisk, Steven",16394,0.7140863185512272,,,,/workspaces/modelOptimizer/data/wagering/odds_archive/matchups/pga/2026/11/caesars.json,
2026-03-24T23:16:53.170Z,11,2026,2026,3_balls,caesars,close,16283,"Rodgers, Patrick",17365,0.44905151535241183,,,,/workspaces/modelOptimizer/data/wagering/odds_archive/matchups/pga/2026/11/caesars.json,
2026-03-24T23:16:53.170Z,11,2026,2026,3_balls,caesars,close,17365,"Mitchell, Keith",16283,0.5509484846475882,,,,/workspaces/modelOptimizer/data/wagering/odds_archive/matchups/pga/2026/11/caesars.json,
2026-03-24T23:16:53.170Z,11,2026,2026,3_balls,caesars,close,16243,"Koepka, Brooks",26096,0.39542424035304885,,,,/workspaces/modelOptimizer/data/wagering/odds_archive/matchups/pga/2026/11/caesars.json,
2026-03-24T23:16:53.170Z,11,2026,2026,3_balls,caesars,close,26096,"Bhatia, Akshay",16243,0.6045757596469512,,,,/workspaces/modelOptimizer/data/wagering/odds_archive/matchups/pga/2026/11/caesars.json,
2026-03-24T23:16:53.170Z,11,2026,2026,3_balls,caesars,close,14704,"Putnam, Andrew",29767,0.39036554757622294,,,,/workspaces/modelOptimizer/data/wagering/odds_archive/matchups/pga/2026/11/caesars.json,
2026-03-24T23:16:53.170Z,11,2026,2026,3_balls,caesars,close,29767,"Gerard, Ryan",14704,0.6096344524237771,,,,/workspaces/modelOptimizer/data/wagering/odds_archive/matchups/pga/2026/11/caesars.json,
2026-03-24T23:16:53.170Z,11,2026,2026,3_balls,caesars,close,15466,"Cantlay, Patrick",29197,0.5547588771981671,,,,/workspaces/modelOptimizer/data/wagering/odds_archive/matchups/pga/2026/11/caesars.json,
2026-03-24T23:16:53.170Z,11,2026,2026,3_balls,caesars,close,29197,"Brennan, Michael",15466,0.4452411228018329,,,,/workspaces/modelOptimizer/data/wagering/odds_archive/matchups/pga/2026/11/caesars.json,
2026-03-24T23:16:53.170Z,11,2026,2026,3_balls,caesars,close,14636,"Spieth, Jordan",29770,0.5303051275693876,,,,/workspaces/modelOptimizer/data/wagering/odds_archive/matchups/pga/2026/11/caesars.json,
2026-03-24T23:16:53.170Z,11,2026,2026,3_balls,caesars,close,29770,"Mouw, William",14636,0.46969487243061236,,,,/workspaces/modelOptimizer/data/wagering/odds_archive/matchups/pga/2026/11/caesars.json,
2026-03-24T23:16:53.170Z,11,2026,2026,3_balls,caesars,close,14609,"Kim, Si Woo",18417,0.5627683777429691,,,,/workspaces/modelOptimizer/data/wagering/odds_archive/matchups/pga/2026/11/caesars.json,
2026-03-24T23:16:53.170Z,11,2026,2026,3_balls,caesars,close,18417,"Scheffler, Scottie",14609,0.43723162225703094,,,,/workspaces/modelOptimizer/data/wagering/odds_archive/matchups/pga/2026/11/caesars.json,
2026-03-24T23:16:53.170Z,11,2026,2026,3_balls,caesars,close,14578,"Henley, Russell",17646,0.6084625664294437,,,,/workspaces/modelOptimizer/data/wagering/odds_archive/matchups/pga/2026/11/caesars.json,
2026-03-24T23:16:53.170Z,11,2026,2026,3_balls,caesars,close,17646,"Fitzpatrick, Matt",14578,0.39153743357055626,,,,/workspaces/modelOptimizer/data/wagering/odds_archive/matchups/pga/2026/11/caesars.json,
2026-03-24T23:16:53.170Z,11,2026,2026,3_balls,caesars,close,14502,"Cauley, Bud",23505,0.44045643745696883,,,,/workspaces/modelOptimizer/data/wagering/odds_archive/matchups/pga/2026/11/caesars.json,
2026-03-24T23:16:53.170Z,11,2026,2026,3_balls,caesars,close,23505,"McGreevy, Max",14502,0.5595435625430312,,,,/workspaces/modelOptimizer/data/wagering/odds_archive/matchups/pga/2026/11/caesars.json,
2026-03-24T23:16:53.170Z,11,2026,2026,3_balls,caesars,close,14139,"Thomas, Justin",17511,0.4831588604841576,,,,/workspaces/modelOptimizer/data/wagering/odds_archive/matchups/pga/2026/11/caesars.json,
2026-03-24T23:16:53.170Z,11,2026,2026,3_balls,caesars,close,17511,"Straka, Sepp",14139,0.5168411395158423,,,,/workspaces/modelOptimizer/data/wagering/odds_archive/matchups/pga/2026/11/caesars.json,
2026-03-24T23:16:53.170Z,11,2026,2026,3_balls,caesars,close,13872,"Bradley, Keegan",21944,0.2506138821815702,,,,/workspaces/modelOptimizer/data/wagering/odds_archive/matchups/pga/2026/11/caesars.json,
2026-03-24T23:16:53.170Z,11,2026,2026,3_balls,caesars,close,21944,"Moore, Taylor",13872,0.7493861178184298,,,,/workspaces/modelOptimizer/data/wagering/odds_archive/matchups/pga/2026/11/caesars.json,
2026-03-24T23:16:53.170Z,11,2026,2026,3_balls,caesars,close,12965,"Fowler, Rickie",13562,0.559069062066179,,,,/workspaces/modelOptimizer/data/wagering/odds_archive/matchups/pga/2026/11/caesars.json,
2026-03-24T23:16:53.170Z,11,2026,2026,3_balls,caesars,close,13562,"Matsuyama, Hideki",12965,0.440930937933821,,,,/workspaces/modelOptimizer/data/wagering/odds_archive/matchups/pga/2026/11/caesars.json,
2026-03-24T23:16:53.170Z,11,2026,2026,3_balls,caesars,close,12423,"Kirk, Chris",23602,0.33593052979064925,,,,/workspaces/modelOptimizer/data/wagering/odds_archive/matchups/pga/2026/11/caesars.json,
2026-03-24T23:16:53.170Z,11,2026,2026,3_balls,caesars,close,23602,"Hojgaard, Nicolai",12423,0.6640694702093508,,,,/workspaces/modelOptimizer/data/wagering/odds_archive/matchups/pga/2026/11/caesars.json,
2026-03-24T23:16:53.170Z,11,2026,2026,3_balls,caesars,close,12294,"Fleetwood, Tommy",26649,0.5459111591622031,,,,/workspaces/modelOptimizer/data/wagering/odds_archive/matchups/pga/2026/11/caesars.json,
2026-03-24T23:16:53.170Z,11,2026,2026,3_balls,caesars,close,26649,"Thorbjornsen, Michael",12294,0.4540888408377969,,,,/workspaces/modelOptimizer/data/wagering/odds_archive/matchups/pga/2026/11/caesars.json,
2026-03-24T23:16:53.170Z,11,2026,2026,3_balls,caesars,close,11676,"Finau, Tony",23323,0.5389551936157578,,,,/workspaces/modelOptimizer/data/wagering/odds_archive/matchups/pga/2026/11/caesars.json,
2026-03-24T23:16:53.170Z,11,2026,2026,3_balls,caesars,close,23323,"MacIntyre, Robert",11676,0.46104480638424217,,,,/workspaces/modelOptimizer/data/wagering/odds_archive/matchups/pga/2026/11/caesars.json,
2026-03-24T23:16:53.170Z,11,2026,2026,3_balls,caesars,close,10419,"Noren, Alex",16841,0.442623617242015,,,,/workspaces/modelOptimizer/data/wagering/odds_archive/matchups/pga/2026/11/caesars.json,
2026-03-24T23:16:53.170Z,11,2026,2026,3_balls,caesars,close,16841,"Lee, Min Woo",10419,0.557376382757985,,,,/workspaces/modelOptimizer/data/wagering/odds_archive/matchups/pga/2026/11/caesars.json,
2026-03-24T23:16:53.170Z,11,2026,2026,3_balls,caesars,close,10091,"McIlroy, Rory",28469,0.8574829769543285,,,,/workspaces/modelOptimizer/data/wagering/odds_archive/matchups/pga/2026/11/caesars.json,
2026-03-24T23:16:53.170Z,11,2026,2026,3_balls,caesars,close,28469,"Highsmith, Joe",10091,0.1425170230456715,,,,/workspaces/modelOptimizer/data/wagering/odds_archive/matchups/pga/2026/11/caesars.json,
2026-03-24T23:16:53.170Z,11,2026,2026,3_balls,caesars,close,21407,"Reitan, Kristoffer",25003,0.49340287498061863,,,,/workspaces/modelOptimizer/data/wagering/odds_archive/matchups/pga/2026/11/caesars.json,
2026-03-24T23:16:53.170Z,11,2026,2026,3_balls,caesars,close,25003,"Walker, Danny",21407,0.5065971250193814,,,,/workspaces/modelOptimizer/data/wagering/odds_archive/matchups/pga/2026/11/caesars.json,
2026-03-24T23:16:53.170Z,11,2026,2026,3_balls,caesars,close,23950,"Aberg, Ludvig",26649,0.7234214150633338,,,,/workspaces/modelOptimizer/data/wagering/odds_archive/matchups/pga/2026/11/caesars.json,
2026-03-24T23:16:53.170Z,11,2026,2026,3_balls,caesars,close,26649,"Thorbjornsen, Michael",23950,0.2765785849366662,,,,/workspaces/modelOptimizer/data/wagering/odds_archive/matchups/pga/2026/11/caesars.json,
2026-03-24T23:16:53.170Z,11,2026,2026,3_balls,caesars,close,25003,"Walker, Danny",27819,0.41006826014501435,,,,/workspaces/modelOptimizer/data/wagering/odds_archive/matchups/pga/2026/11/caesars.json,
2026-03-24T23:16:53.170Z,11,2026,2026,3_balls,caesars,close,27819,"Castillo, Ricky",25003,0.5899317398549857,,,,/workspaces/modelOptimizer/data/wagering/odds_archive/matchups/pga/2026/11/caesars.json,
2026-03-24T23:16:53.170Z,11,2026,2026,3_balls,caesars,close,26096,"Bhatia, Akshay",27774,0.7122014717655354,,,,/workspaces/modelOptimizer/data/wagering/odds_archive/matchups/pga/2026/11/caesars.json,
2026-03-24T23:16:53.170Z,11,2026,2026,3_balls,caesars,close,27774,"Gotterup, Chris",26096,0.2877985282344646,,,,/workspaces/modelOptimizer/data/wagering/odds_archive/matchups/pga/2026/11/caesars.json,
2026-03-24T23:16:53.170Z,11,2026,2026,3_balls,caesars,close,6093,"Rose, Justin",29770,0.4390304761568255,,,,/workspaces/modelOptimizer/data/wagering/odds_archive/matchups/pga/2026/11/caesars.json,
2026-03-24T23:16:53.170Z,11,2026,2026,3_balls,caesars,close,29770,"Mouw, William",6093,0.5609695238431744,,,,/workspaces/modelOptimizer/data/wagering/odds_archive/matchups/pga/2026/11/caesars.json,
2026-03-24T23:16:53.170Z,11,2026,2026,3_balls,caesars,close,6430,"Scott, Adam",17780,0.5902168730843619,,,,/workspaces/modelOptimizer/data/wagering/odds_archive/matchups/pga/2026/11/caesars.json,
2026-03-24T23:16:53.170Z,11,2026,2026,3_balls,caesars,close,17780,"Pendrith, Taylor",6430,0.4097831269156381,,,,/workspaces/modelOptimizer/data/wagering/odds_archive/matchups/pga/2026/11/caesars.json,
2026-03-24T23:16:53.170Z,11,2026,2026,3_balls,caesars,close,8825,"Harman, Brian",18841,0.3091225673343586,,,,/workspaces/modelOptimizer/data/wagering/odds_archive/matchups/pga/2026/11/caesars.json,
2026-03-24T23:16:53.170Z,11,2026,2026,3_balls,caesars,close,18841,"Hovland, Viktor",8825,0.6908774326656414,,,,/workspaces/modelOptimizer/data/wagering/odds_archive/matchups/pga/2026/11/caesars.json,
2026-03-24T23:16:53.170Z,11,2026,2026,3_balls,caesars,close,9771,"Day, Jason",16841,0.2994991559482095,,,,/workspaces/modelOptimizer/data/wagering/odds_archive/matchups/pga/2026/11/caesars.json,
2026-03-24T23:16:53.170Z,11,2026,2026,3_balls,caesars,close,16841,"Lee, Min Woo",9771,0.7005008440517906,,,,/workspaces/modelOptimizer/data/wagering/odds_archive/matchups/pga/2026/11/caesars.json,
2026-03-24T23:16:53.170Z,11,2026,2026,3_balls,caesars,close,22985,"Smotherman, Austin",23014,0.5447889352443178,,,,/workspaces/modelOptimizer/data/wagering/odds_archive/matchups/pga/2026/11/caesars.json,
2026-03-24T23:16:53.170Z,11,2026,2026,3_balls,caesars,close,23014,"Theegala, Sahith",22985,0.4552110647556822,,,,/workspaces/modelOptimizer/data/wagering/odds_archive/matchups/pga/2026/11/caesars.json,
2026-03-24T23:16:53.170Z,11,2026,2026,3_balls,caesars,close,21407,"Reitan, Kristoffer",26657,0.32670694448427545,,,,/workspaces/modelOptimizer/data/wagering/odds_archive/matchups/pga/2026/11/caesars.json,
2026-03-24T23:16:53.170Z,11,2026,2026,3_balls,caesars,close,26657,"Fisk, Steven",21407,0.6732930555157246,,,,/workspaces/modelOptimizer/data/wagering/odds_archive/matchups/pga/2026/11/caesars.json,
2026-03-24T23:16:53.170Z,11,2026,2026,3_balls,caesars,close,20722,"Schmid, Matti",23604,0.6160389919424856,,,,/workspaces/modelOptimizer/data/wagering/odds_archive/matchups/pga/2026/11/caesars.json,
2026-03-24T23:16:53.170Z,11,2026,2026,3_balls,caesars,close,23604,"Clark, Wyndham",20722,0.38396100805751443,,,,/workspaces/modelOptimizer/data/wagering/odds_archive/matchups/pga/2026/11/caesars.json,
2026-03-24T23:16:53.170Z,11,2026,2026,3_balls,caesars,close,19895,"Schauffele, Xander",23323,0.5418910674497127,,,,/workspaces/modelOptimizer/data/wagering/odds_archive/matchups/pga/2026/11/caesars.json,
2026-03-24T23:16:53.170Z,11,2026,2026,3_balls,caesars,close,23323,"MacIntyre, Robert",19895,0.4581089325502873,,,,/workspaces/modelOptimizer/data/wagering/odds_archive/matchups/pga/2026/11/caesars.json,
2026-03-24T23:16:53.170Z,11,2026,2026,3_balls,caesars,close,10419,"Noren, Alex",21944,0.597439293514864,,,,/workspaces/modelOptimizer/data/wagering/odds_archive/matchups/pga/2026/11/caesars.json,
2026-03-24T23:16:53.170Z,11,2026,2026,3_balls,caesars,close,21944,"Moore, Taylor",10419,0.402560706485136,,,,/workspaces/modelOptimizer/data/wagering/odds_archive/matchups/pga/2026/11/caesars.json,
2026-03-24T23:16:53.170Z,11,2026,2026,3_balls,caesars,close,12294,"Fleetwood, Tommy",17365,0.46371760899700254,,,,/workspaces/modelOptimizer/data/wagering/odds_archive/matchups/pga/2026/11/caesars.json,
2026-03-24T23:16:53.170Z,11,2026,2026,3_balls,caesars,close,17365,"Mitchell, Keith",12294,0.5362823910029975,,,,/workspaces/modelOptimizer/data/wagering/odds_archive/matchups/pga/2026/11/caesars.json,
2026-03-24T23:16:53.170Z,11,2026,2026,3_balls,caesars,close,12423,"Kirk, Chris",23602,0.33593052979064925,,,,/workspaces/modelOptimizer/data/wagering/odds_archive/matchups/pga/2026/11/caesars.json,
2026-03-24T23:16:53.170Z,11,2026,2026,3_balls,caesars,close,23602,"Hojgaard, Nicolai",12423,0.6640694702093508,,,,/workspaces/modelOptimizer/data/wagering/odds_archive/matchups/pga/2026/11/caesars.json,
2026-03-24T23:16:53.170Z,11,2026,2026,3_balls,caesars,close,12965,"Fowler, Rickie",14636,0.5670525400880946,,,,/workspaces/modelOptimizer/data/wagering/odds_archive/matchups/pga/2026/11/caesars.json,
2026-03-24T23:16:53.170Z,11,2026,2026,3_balls,caesars,close,14636,"Spieth, Jordan",12965,0.4329474599119054,,,,/workspaces/modelOptimizer/data/wagering/odds_archive/matchups/pga/2026/11/caesars.json,
2026-03-24T23:16:53.170Z,11,2026,2026,3_balls,caesars,close,13126,"Taylor, Nick",23505,0.5269589273809399,,,,/workspaces/modelOptimizer/data/wagering/odds_archive/matchups/pga/2026/11/caesars.json,
2026-03-24T23:16:53.170Z,11,2026,2026,3_balls,caesars,close,23505,"McGreevy, Max",13126,0.47304107261906014,,,,/workspaces/modelOptimizer/data/wagering/odds_archive/matchups/pga/2026/11/caesars.json,
2026-03-24T23:16:53.170Z,11,2026,2026,3_balls,caesars,close,13562,"Matsuyama, Hideki",29197,0.6197369484582861,,,,/workspaces/modelOptimizer/data/wagering/odds_archive/matchups/pga/2026/11/caesars.json,
2026-03-24T23:16:53.170Z,11,2026,2026,3_balls,caesars,close,29197,"Brennan, Michael",13562,0.3802630515417139,,,,/workspaces/modelOptimizer/data/wagering/odds_archive/matchups/pga/2026/11/caesars.json,
2026-03-24T23:16:53.170Z,11,2026,2026,3_balls,caesars,close,13872,"Bradley, Keegan",16243,0.18086721124317773,,,,/workspaces/modelOptimizer/data/wagering/odds_archive/matchups/pga/2026/11/caesars.json,
2026-03-24T23:16:53.170Z,11,2026,2026,3_balls,caesars,close,16243,"Koepka, Brooks",13872,0.8191327887568223,,,,/workspaces/modelOptimizer/data/wagering/odds_archive/matchups/pga/2026/11/caesars.json,
2026-03-24T23:16:53.170Z,11,2026,2026,3_balls,caesars,close,14139,"Thomas, Justin",17576,0.5147797699195074,,,,/workspaces/modelOptimizer/data/wagering/odds_archive/matchups/pga/2026/11/caesars.json,
2026-03-24T23:16:53.170Z,11,2026,2026,3_balls,caesars,close,17576,"Conners, Corey",14139,0.48522023008049264,,,,/workspaces/modelOptimizer/data/wagering/odds_archive/matchups/pga/2026/11/caesars.json,
2026-03-24T23:16:53.170Z,11,2026,2026,3_balls,caesars,close,14502,"Cauley, Bud",25569,0.48318699405922755,,,,/workspaces/modelOptimizer/data/wagering/odds_archive/matchups/pga/2026/11/caesars.json,
2026-03-24T23:16:53.170Z,11,2026,2026,3_balls,caesars,close,25569,"Stevens, Sam",14502,0.5168130059407725,,,,/workspaces/modelOptimizer/data/wagering/odds_archive/matchups/pga/2026/11/caesars.json,
2026-03-24T23:16:53.170Z,11,2026,2026,3_balls,caesars,close,14578,"Henley, Russell",22760,0.5409172465021699,,,,/workspaces/modelOptimizer/data/wagering/odds_archive/matchups/pga/2026/11/caesars.json,
2026-03-24T23:16:53.170Z,11,2026,2026,3_balls,caesars,close,22760,"Hisatsune, Ryo",14578,0.4590827534978301,,,,/workspaces/modelOptimizer/data/wagering/odds_archive/matchups/pga/2026/11/caesars.json,
2026-03-24T23:16:53.170Z,11,2026,2026,3_balls,caesars,close,14609,"Kim, Si Woo",28469,0.7850294482722301,,,,/workspaces/modelOptimizer/data/wagering/odds_archive/matchups/pga/2026/11/caesars.json,
2026-03-24T23:16:53.170Z,11,2026,2026,3_balls,caesars,close,28469,"Highsmith, Joe",14609,0.2149705517277699,,,,/workspaces/modelOptimizer/data/wagering/odds_archive/matchups/pga/2026/11/caesars.json,
2026-03-24T23:16:53.170Z,11,2026,2026,3_balls,caesars,close,14704,"Putnam, Andrew",25157,0.2622475572520791,,,,/workspaces/modelOptimizer/data/wagering/odds_archive/matchups/pga/2026/11/caesars.json,
2026-03-24T23:16:53.170Z,11,2026,2026,3_balls,caesars,close,25157,"Hodges, Lee",14704,0.737752442747921,,,,/workspaces/modelOptimizer/data/wagering/odds_archive/matchups/pga/2026/11/caesars.json,
2026-03-24T23:16:53.170Z,11,2026,2026,3_balls,caesars,close,15466,"Cantlay, Patrick",21554,0.6650112274881997,,,,/workspaces/modelOptimizer/data/wagering/odds_archive/matchups/pga/2026/11/caesars.json,
2026-03-24T23:16:53.170Z,11,2026,2026,3_balls,caesars,close,21554,"Poston, J.T.",15466,0.33498877251180026,,,,/workspaces/modelOptimizer/data/wagering/odds_archive/matchups/pga/2026/11/caesars.json,
2026-03-24T23:16:53.170Z,11,2026,2026,3_balls,caesars,close,16283,"Rodgers, Patrick",18474,0.39179014176356164,,,,/workspaces/modelOptimizer/data/wagering/odds_archive/matchups/pga/2026/11/caesars.json,
2026-03-24T23:16:53.170Z,11,2026,2026,3_balls,caesars,close,18474,"Smalley, Alex",16283,0.6082098582364384,,,,/workspaces/modelOptimizer/data/wagering/odds_archive/matchups/pga/2026/11/caesars.json,
2026-03-24T23:16:53.170Z,11,2026,2026,3_balls,caesars,close,16394,"Jaeger, Stephan",19846,0.3253231256051446,,,,/workspaces/modelOptimizer/data/wagering/odds_archive/matchups/pga/2026/11/caesars.json,
2026-03-24T23:16:53.170Z,11,2026,2026,3_balls,caesars,close,19846,"Bauchou, Zach",16394,0.6746768743948555,,,,/workspaces/modelOptimizer/data/wagering/odds_archive/matchups/pga/2026/11/caesars.json,
2026-03-24T23:16:53.170Z,11,2026,2026,3_balls,caesars,close,17511,"Straka, Sepp",29433,0.39766377323156094,,,,/workspaces/modelOptimizer/data/wagering/odds_archive/matchups/pga/2026/11/caesars.json,
2026-03-24T23:16:53.170Z,11,2026,2026,3_balls,caesars,close,29433,"Bridgeman, Jacob",17511,0.6023362267684391,,,,/workspaces/modelOptimizer/data/wagering/odds_archive/matchups/pga/2026/11/caesars.json,
2026-03-24T23:16:53.170Z,11,2026,2026,3_balls,caesars,close,17536,"Spaun, J.J.",29925,0.3106780811664065,,,,/workspaces/modelOptimizer/data/wagering/odds_archive/matchups/pga/2026/11/caesars.json,
2026-03-24T23:16:53.170Z,11,2026,2026,3_balls,caesars,close,29925,"Yellamaraju, Sudarshan",17536,0.6893219188335935,,,,/workspaces/modelOptimizer/data/wagering/odds_archive/matchups/pga/2026/11/caesars.json,
2026-03-24T23:16:53.170Z,11,2026,2026,3_balls,caesars,close,17606,"Berger, Daniel",23504,0.6864093609527084,,,,/workspaces/modelOptimizer/data/wagering/odds_archive/matchups/pga/2026/11/caesars.json,
2026-03-24T23:16:53.170Z,11,2026,2026,3_balls,caesars,close,23504,"Hoey, Rico",17606,0.31359063904729156,,,,/workspaces/modelOptimizer/data/wagering/odds_archive/matchups/pga/2026/11/caesars.json,
2026-03-24T23:16:53.170Z,11,2026,2026,3_balls,caesars,close,17646,"Fitzpatrick, Matt",26651,0.4218271625143299,,,,/workspaces/modelOptimizer/data/wagering/odds_archive/matchups/pga/2026/11/caesars.json,
2026-03-24T23:16:53.170Z,11,2026,2026,3_balls,caesars,close,26651,"Young, Cameron",17646,0.57817283748567,,,,/workspaces/modelOptimizer/data/wagering/odds_archive/matchups/pga/2026/11/caesars.json,
2026-03-24T23:16:53.170Z,11,2026,2026,3_balls,caesars,close,18417,"Scheffler, Scottie",18634,0.5060669351735583,,,,/workspaces/modelOptimizer/data/wagering/odds_archive/matchups/pga/2026/11/caesars.json,
2026-03-24T23:16:53.170Z,11,2026,2026,3_balls,caesars,close,18634,"McNealy, Maverick",18417,0.4939330648264417,,,,/workspaces/modelOptimizer/data/wagering/odds_archive/matchups/pga/2026/11/caesars.json,
2026-03-24T23:16:53.170Z,11,2026,2026,3_balls,caesars,close,18424,"Roy, Kevin",21756,0.6540362600099308,,,,/workspaces/modelOptimizer/data/wagering/odds_archive/matchups/pga/2026/11/caesars.json,
2026-03-24T23:16:53.170Z,11,2026,2026,3_balls,caesars,close,21756,"Cole, Eric",18424,0.34596373999006924,,,,/workspaces/modelOptimizer/data/wagering/odds_archive/matchups/pga/2026/11/caesars.json,
2026-03-24T23:16:53.170Z,11,2026,2026,3_balls,caesars,close,19840,"Ramey, Chad",29767,0.45904647316177466,,,,/workspaces/modelOptimizer/data/wagering/odds_archive/matchups/pga/2026/11/caesars.json,
2026-03-24T23:16:53.170Z,11,2026,2026,3_balls,caesars,close,29767,"Gerard, Ryan",19840,0.5409535268382253,,,,/workspaces/modelOptimizer/data/wagering/odds_archive/matchups/pga/2026/11/caesars.json,
2026-03-24T23:16:53.170Z,11,2026,2026,3_balls,caesars,close,10104,"Power, Seamus",11676,0.49858727147625564,,,,/workspaces/modelOptimizer/data/wagering/odds_archive/matchups/pga/2026/11/caesars.json,
2026-03-24T23:16:53.170Z,11,2026,2026,3_balls,caesars,close,11676,"Finau, Tony",10104,0.5014127285237444,,,,/workspaces/modelOptimizer/data/wagering/odds_archive/matchups/pga/2026/11/caesars.json,
2026-03-24T23:16:53.170Z,11,2026,2026,3_balls,caesars,close,10091,"McIlroy, Rory",22833,0.6878313641068081,,,,/workspaces/modelOptimizer/data/wagering/odds_archive/matchups/pga/2026/11/caesars.json,
2026-03-24T23:16:53.170Z,11,2026,2026,3_balls,caesars,close,22833,"Echavarria, Nico",10091,0.3121686358931919,,,,/workspaces/modelOptimizer/data/wagering/odds_archive/matchups/pga/2026/11/caesars.json,
2026-03-24T23:16:53.170Z,11,2026,2026,3_balls,caesars,close,17538,"Homa, Max",19483,0.5912650830531738,,,,/workspaces/modelOptimizer/data/wagering/odds_archive/matchups/pga/2026/11/caesars.json,
2026-03-24T23:16:53.170Z,11,2026,2026,3_balls,caesars,close,19483,"Burns, Sam",17538,0.4087349169468262,,,,/workspaces/modelOptimizer/data/wagering/odds_archive/matchups/pga/2026/11/caesars.json,
