# peak_timing_summary avg_return_to_form_index=8.02952232932637, median_return_to_form_index=3.1721744504927054
# peak_timing_status_counts no_baseline:429 | not_improving:616 | return_to_form:332 | already_better:110 | outside_window:137
# peak_timing_early_peakers Putnam, Andrew (0.0, seasons=5) | van Rooyen, Erik (0.0, seasons=5) | Martin, Ben (0.0, seasons=5)
# peak_timing_late_peakers Phillips, Chandler (342.0, seasons=2) | Simpson, Webb (285.7, seasons=5) | Wilkinson, Tim (109.1, seasons=2)
# peak_timing_example Putnam, Andrew tends to reach baseline by event 0.0 (based on 5 seasons), indicating early-season readiness.
# peak_timing_example van Rooyen, Erik tends to reach baseline by event 0.0 (based on 5 seasons), indicating early-season readiness.
# peak_timing_example Martin, Ben tends to reach baseline by event 0.0 (based on 5 seasons), indicating early-season readiness.
# peak_timing_example Phillips, Chandler typically reaches baseline after event 6 (avg 342.0 over 2 seasons), suggesting a later peak.
# peak_timing_example Simpson, Webb typically reaches baseline after event 6 (avg 285.7 over 5 seasons), suggesting a later peak.
# peak_timing_example Wilkinson, Tim typically reaches baseline after event 6 (avg 109.1 over 2 seasons), suggesting a later peak.
dg_id,player_name,seasons,avg_slope,avg_r,avg_return_to_form,return_to_form_count,trend
14609,"Kim, Si Woo",5,-0.291594,-0.177866,1.753,2,slow_starter
15466,"Cantlay, Patrick",5,-0.224642,-0.132370,6.948,3,slow_starter
17786,"Davis, Cameron",5,-0.300106,-0.332509,5.380,1,slow_starter
11676,"Finau, Tony",5,-0.042445,-0.084299,6.723,2,slow_starter
24550,"Ghim, Doug",5,-0.017203,0.019753,2.261,2,slow_starter
14459,"An, Byeong Hun",5,-0.653329,-0.584901,,0,slow_starter
7655,"Molinari, Francesco",5,-0.275821,-0.114732,5.265,2,slow_starter
8825,"Harman, Brian",5,-0.152872,-0.112630,4.742,1,slow_starter
17488,"Im, Sungjae",5,-0.239729,-0.315863,2.693,1,slow_starter
11657,"Norlander, Henrik",5,-0.042031,-0.047176,3.585,2,slow_starter
12423,"Kirk, Chris",5,-0.172176,-0.138249,2.115,1,slow_starter
8469,"Armour, Ryan",5,0.299080,0.100349,3.568,2,fast_starter
13831,"Knox, Russell",5,0.196617,0.120839,4.362,2,fast_starter
12577,"Woodland, Gary",5,-0.321242,-0.232104,59.195,2,slow_starter
12965,"Fowler, Rickie",5,0.120998,0.145743,3.684,3,fast_starter
7960,"List, Luke",5,-0.192828,-0.168985,5.532,2,slow_starter
14704,"Putnam, Andrew",5,-0.106563,-0.146107,0.000,1,slow_starter
17538,"Homa, Max",5,0.040020,0.137679,48.835,2,fast_starter
13965,"Hadwin, Adam",5,-0.173760,-0.193853,3.325,1,slow_starter
11374,"Hahn, James",5,-0.272032,-0.339916,12.766,1,slow_starter
13497,"Lee, Kyoung-Hoon",5,-0.088784,-0.025424,5.169,3,slow_starter
18579,"Cook, Austin",5,-0.192714,-0.232658,4.594,2,slow_starter
19477,"Schenk, Adam",5,0.047059,0.000911,3.704,1,fast_starter
12808,"Grillo, Emiliano",5,-0.118784,-0.090965,12.171,1,slow_starter
10419,"Noren, Alex",5,-0.032436,0.015230,1.004,2,slow_starter
9586,"Laird, Martin",5,0.075413,-0.023361,3.901,2,fast_starter
27194,"Hall, Harry",5,-0.093673,-0.077210,5.059,3,slow_starter
16715,"Ryder, Sam",5,0.012150,-0.057921,2.743,3,fast_starter
13126,"Taylor, Nick",5,0.037377,0.051510,1.254,2,fast_starter
13470,"Kizzire, Patton",5,-0.168970,-0.219439,10.906,1,slow_starter
23604,"Clark, Wyndham",5,-0.251860,-0.155212,1.656,3,slow_starter
17550,"van Rooyen, Erik",5,-0.067967,-0.022004,0.000,1,slow_starter
18187,"Duncan, Tyler",5,0.047419,0.055506,1.499,2,fast_starter
14007,"Martin, Ben",5,0.070216,0.095759,0.000,3,fast_starter
7293,"Walker, Jimmy",5,0.032911,-0.017357,9.953,2,fast_starter
6986,"Johnson, Zach",5,-0.169189,-0.164975,,0,slow_starter
26660,"Gordon, Will",5,-0.039427,-0.078642,2.195,2,slow_starter
18634,"McNealy, Maverick",5,-0.018387,0.055528,2.212,2,slow_starter
7900,"Haas, Bill",5,0.417409,0.559831,3.226,4,fast_starter
25908,"Whaley, Vincent",5,0.149417,0.040541,10.241,3,fast_starter
7961,"Reavie, Chez",5,-0.094918,-0.142315,,0,slow_starter
15475,"Pan, C.T.",5,-0.085170,-0.098461,3.167,2,slow_starter
18417,"Scheffler, Scottie",5,0.277834,0.462611,1.639,3,fast_starter
13367,"Merritt, Troy",5,-0.094334,-0.066172,93.884,2,slow_starter
15330,"Griffin, Lanto",5,-0.166069,-0.157377,3.912,1,slow_starter
4163,"Donald, Luke",5,0.081837,-0.000531,5.033,2,fast_starter
24766,"Kim, Joohyung",5,-0.030143,-0.029383,6.726,2,slow_starter
7301,"Dufner, Jason",5,0.031829,0.057724,4.274,2,fast_starter
16243,"Koepka, Brooks",5,-0.148942,-0.035851,4.885,2,slow_starter
14509,"Dahmen, Joel",5,0.018131,0.034090,17.937,3,fast_starter
6252,"Baddeley, Aaron",5,-0.240088,-0.194382,,0,slow_starter
14578,"Henley, Russell",5,0.179293,0.218515,3.791,3,fast_starter
19483,"Burns, Sam",5,-0.057014,-0.140260,5.847,1,slow_starter
17536,"Spaun, J.J.",5,-0.322563,-0.407267,,0,slow_starter
19870,"McCarthy, Denny",5,-0.038535,0.022750,3.069,1,slow_starter
12846,"Herman, Jim",5,0.034996,0.108016,3.140,3,fast_starter
16283,"Rodgers, Patrick",5,0.035200,0.053280,9.423,2,fast_starter
16333,"Hubbard, Mark",5,-0.223945,-0.208409,2.769,1,slow_starter
7399,"Glover, Lucas",5,0.012426,0.059333,2.828,2,fast_starter
8480,"Streelman, Kevin",5,0.125199,0.175938,6.567,3,fast_starter
7899,"Piercy, Scott",5,0.063069,0.040273,5.419,3,fast_starter
13127,"Tway, Kevin",5,0.065905,0.185464,5.025,2,fast_starter
15470,"Hossler, Beau",5,-0.155507,-0.262829,2.457,1,slow_starter
14926,"Malnati, Peter",5,0.276966,0.289369,2.473,4,fast_starter
11117,"Noh, Seung-Yul",5,0.289837,0.306959,2.507,3,fast_starter
15575,"Hoge, Tom",5,-0.132489,0.001599,1.818,1,slow_starter
1547,"Mickelson, Phil",5,-0.111819,-0.021653,2.414,1,slow_starter
8820,"Snedeker, Brandt",5,-0.006210,-0.004189,2.428,2,slow_starter
7955,"Watney, Nick",5,0.049980,0.000790,3.639,1,fast_starter
18635,"Shelton, Robby",5,-0.384789,-0.412598,1.183,1,slow_starter
9171,"Villegas, Camilo",5,0.214910,0.262569,3.325,3,fast_starter
11451,"Garnett, Brice",5,0.191463,0.254395,2.898,2,fast_starter
17511,"Straka, Sepp",5,-0.157852,-0.119134,0.000,2,slow_starter
14967,"Hadley, Chesson",5,0.167137,0.199693,3.791,2,fast_starter
21554,"Poston, J.T.",5,-0.071703,-0.119980,1.723,1,slow_starter
13872,"Bradley, Keegan",5,0.258263,0.248122,2.231,2,fast_starter
17543,"Kim, Michael",5,-0.142613,-0.070518,1.426,2,slow_starter
10943,"Lashley, Nate",5,0.157353,0.104351,2.039,2,fast_starter
23542,"Champ, Cameron",5,0.039740,0.008228,2.539,3,fast_starter
16433,"NeSmith, Matthew",5,0.170191,0.110857,6.461,2,fast_starter
7881,"Kang, Sung",5,0.160107,0.155996,1.424,3,fast_starter
14698,"Bramlett, Joseph",5,0.064880,-0.038973,3.817,1,fast_starter
5768,"Hoffman, Charley",5,-0.230882,-0.191018,7.334,1,slow_starter
19895,"Schauffele, Xander",5,-0.110110,-0.155874,6.243,2,slow_starter
14636,"Spieth, Jordan",5,-0.004914,-0.018114,4.337,2,slow_starter
10091,"McIlroy, Rory",5,0.024050,0.117601,1.462,3,fast_starter
14139,"Thomas, Justin",5,-0.098997,-0.059138,5.226,2,slow_starter
19195,"Rahm, Jon",5,0.089361,-0.073478,2.964,1,fast_starter
17576,"Conners, Corey",5,0.093290,0.218220,9.223,3,fast_starter
19428,"Zalatoris, Will",5,-0.064001,-0.104512,3.648,2,slow_starter
12425,"Todd, Brendon",5,-0.362511,-0.373818,,0,slow_starter
7820,"Palmer, Ryan",5,-0.414570,-0.455224,,0,slow_starter
19865,"Hardy, Nick",5,-0.247469,-0.342714,11.507,1,slow_starter
11049,"Simpson, Webb",5,0.023431,0.129301,285.688,3,fast_starter
13562,"Matsuyama, Hideki",5,0.023912,-0.050850,3.874,1,fast_starter
6169,"Kuchar, Matt",5,-0.168271,-0.231645,,0,slow_starter
11276,"Horschel, Billy",5,0.099259,0.142018,6.829,2,fast_starter
19872,"Riley, Davis",5,0.319986,0.322730,8.888,3,fast_starter
11955,"Frittelli, Dylan",5,0.351968,0.264354,3.282,3,fast_starter
14577,"English, Harris",5,0.000785,0.015861,6.937,3,fast_starter
9771,"Day, Jason",5,-0.048110,-0.195943,,0,slow_starter
14852,"Streb, Robert",5,0.055916,0.088346,23.500,3,fast_starter
17365,"Mitchell, Keith",5,-0.084453,-0.178523,0.000,1,slow_starter
14140,"Higgs, Harry",5,0.055456,0.044176,2.060,3,fast_starter
5716,"Harrington, Padraig",5,-0.087623,-0.095032,5.330,2,slow_starter
18841,"Hovland, Viktor",5,0.193033,0.188467,4.748,3,fast_starter
6430,"Scott, Adam",5,-0.211806,-0.350066,,0,slow_starter
15556,"Hughes, Mackenzie",5,-0.065820,-0.110056,10.646,1,slow_starter
15856,"Smith, Cameron",5,-0.132411,0.010260,1.269,1,slow_starter
26651,"Young, Cameron",5,0.295687,0.332746,29.199,4,fast_starter
13508,"Vegas, Jhonattan",5,-0.057706,-0.068036,12.619,2,slow_starter
10423,"Brehm, Ryan",5,-0.244610,-0.084056,6.098,2,slow_starter
10104,"Power, Seamus",5,-0.007570,0.040542,10.330,2,slow_starter
13305,"Chappell, Kevin",5,0.087705,0.199568,3.289,2,fast_starter
6931,"Byrd, Jonathan",5,0.337158,0.443104,3.930,3,fast_starter
16841,"Lee, Min Woo",5,-0.091068,-0.108560,3.213,1,slow_starter
18079,"Niemann, Joaquin",5,-0.226990,-0.275450,2.030,1,slow_starter
22085,"Morikawa, Collin",5,-0.216959,-0.245429,,0,slow_starter
11328,"Kisner, Kevin",5,-0.043033,-0.031727,7.360,2,slow_starter
21236,"Bryan, Wesley",5,0.193061,0.127087,3.772,3,fast_starter
17646,"Fitzpatrick, Matthew",5,-0.186779,-0.270700,,0,slow_starter
12422,"Johnson, Dustin",5,0.319011,0.162137,3.720,2,fast_starter
19841,"DeChambeau, Bryson",5,-0.284827,-0.190215,0.000,1,slow_starter
18103,"Bezuidenhout, Christiaan",5,-0.037831,-0.075929,7.662,2,slow_starter
12294,"Fleetwood, Tommy",5,0.185741,0.282419,3.129,3,fast_starter
20706,"Wallace, Matt",5,0.506062,0.501941,6.133,4,fast_starter
14796,"Hatton, Tyrrell",5,-0.150129,-0.235099,1.122,1,slow_starter
12920,"Willett, Danny",5,0.188575,0.344212,1.928,4,fast_starter
23323,"MacIntyre, Robert",5,0.250786,0.134351,4.366,2,fast_starter
20730,"Perez, Victor",5,0.119051,0.137143,1.550,4,fast_starter
13900,"Lowry, Shane",5,0.342482,0.352358,2.469,3,fast_starter
20722,"Schmid, Matthias",5,-0.006786,-0.079234,4.343,1,slow_starter
6093,"Rose, Justin",5,-0.216654,-0.262923,4.291,1,slow_starter
25213,"Wu, Brandon",5,0.657616,0.137216,1.331,3,fast_starter
18474,"Smalley, Alex",5,-0.243716,-0.294087,0.000,1,slow_starter
26653,"Eckroat, Austin",5,-0.012835,-0.002580,3.421,2,slow_starter
27364,"Thompson, Davis",5,-0.153003,-0.063061,2.307,2,slow_starter
18554,"Rai, Aaron",5,0.051157,0.102503,2.698,2,fast_starter
16394,"Jaeger, Stephan",5,0.057550,0.135983,2.070,3,fast_starter
25157,"Hodges, Lee",5,0.020337,-0.030989,6.357,2,fast_starter
23014,"Theegala, Sahith",5,0.228085,0.349990,3.240,3,fast_starter
18761,"Mullinax, Trey",5,-0.179979,-0.168649,8.400,2,slow_starter
19840,"Ramey, Chad",5,0.120206,0.162511,6.187,3,fast_starter
21944,"Moore, Taylor",5,0.223262,0.144968,9.110,2,fast_starter
23482,"Sigg, Greyson",5,-0.111856,-0.162163,2.542,1,slow_starter
13997,"Svensson, Adam",5,0.075500,0.050258,5.399,2,fast_starter
15980,"Lipsky, David",5,-0.022697,-0.036293,5.657,1,slow_starter
17780,"Pendrith, Taylor",5,-0.161654,-0.130351,4.771,1,slow_starter
24342,"Higgo, Garrick",5,-0.319137,-0.293153,2.643,1,slow_starter
21756,"Cole, Eric",5,-0.367014,-0.155273,2.958,1,slow_starter
23838,"Hojgaard, Rasmus",5,-0.200176,-0.064555,18.900,2,slow_starter
14181,"Detry, Thomas",5,-0.524709,-0.470648,,0,slow_starter
21891,"Kitayama, Kurt",5,0.132191,-0.022935,2.899,2,fast_starter
25363,"Buckley, Hayden",5,-0.221750,-0.197007,20.695,2,slow_starter
17881,"Yu, Kevin",5,-0.072718,-0.002251,1.451,2,slow_starter
23475,"Novak, Andrew",5,0.480822,0.472537,3.070,3,fast_starter
25002,"Wu, Dylan",5,-0.066715,-0.147643,1.688,2,slow_starter
17723,"Lower, Justin",5,0.252957,0.062104,2.319,2,fast_starter
12169,"Gainey, Tommy",5,-0.029090,-0.153108,3.277,2,slow_starter
19364,"Werenski, Richy",4,0.132321,0.157686,4.804,1,fast_starter
12069,"Stanley, Kyle",4,0.562305,0.341465,4.050,2,fast_starter
11082,"Burgoon, Bronson",4,-0.256205,-0.261017,3.443,1,slow_starter
14050,"Sloan, Roger",4,0.193853,0.372240,2.764,2,fast_starter
13022,"Stuard, Brian",4,0.100830,0.122690,7.599,3,fast_starter
7340,"Hearn, David",4,-1.123012,-0.389363,20.377,1,slow_starter
14000,"Landry, Andrew",4,0.298587,0.414915,4.791,2,fast_starter
15473,"Long, Adam",4,0.123592,0.174099,3.506,3,fast_starter
24481,"Redman, Doc",4,-0.103772,-0.214743,,0,slow_starter
7489,"Moore, Ryan",4,0.088539,0.108150,10.136,3,fast_starter
12359,"Stallings, Scott",4,-0.469330,-0.648838,,0,slow_starter
26096,"Bhatia, Akshay",4,-0.463247,-0.575789,,0,slow_starter
19948,"Taylor, Ben",4,0.098714,0.107918,4.913,3,fast_starter
14838,"Reed, Patrick",4,-0.523526,-0.452188,,0,slow_starter
15852,"Kraft, Kelly",4,-0.040775,-0.147398,3.379,2,slow_starter
7626,"O'Hair, Sean",4,-0.050814,0.010093,2.228,1,slow_starter
14655,"Murray, Grayson",4,0.019176,0.028259,,0,fast_starter
22051,"Wise, Aaron",4,0.016080,0.086388,4.954,1,fast_starter
15634,"Trainer, Martin",4,-0.433200,-0.326771,0.672,1,slow_starter
13404,"Gligic, Michael",4,0.385365,0.434969,4.408,3,fast_starter
12909,"Campos, Rafael",4,-0.443551,-0.170026,5.530,1,slow_starter
5665,"Cink, Stewart",4,-0.425558,-0.414196,5.760,1,slow_starter
17606,"Berger, Daniel",4,-0.096298,-0.064320,2.325,1,slow_starter
12477,"McGirt, William",4,0.090777,0.192516,3.838,2,fast_starter
22050,"Suh, Justin",4,0.029980,0.138161,1.925,2,fast_starter
6761,"Points, D.A.",4,-0.337436,-0.350635,4.769,1,slow_starter
10081,"Bae, Sangmoon",4,-0.168064,-0.232701,0.000,1,slow_starter
19729,"Kanaya, Takumi",4,0.233568,0.054383,1.605,1,fast_starter
17068,"Daffue, MJ",4,0.205755,0.361600,3.841,2,fast_starter
6419,"McNeill, George",4,-0.308009,-0.306909,,0,slow_starter
23505,"McGreevy, Max",4,0.453632,0.444945,3.330,2,fast_starter
15004,"Kim, Chan",4,0.053513,0.060339,7.586,2,fast_starter
19190,"Hoshino, Rikuya",4,0.796442,0.347648,3.695,3,fast_starter
17357,"Migliozzi, Guido",4,-0.088046,-0.052745,3.615,2,slow_starter
27820,"Pak, John",4,-0.042784,0.033959,1.816,1,slow_starter
7305,"Gutschewski, Scott",4,0.083348,0.190888,5.593,3,fast_starter
16395,"Kohles, Ben",4,-0.002892,0.010799,0.000,2,slow_starter
20519,"Tarren, Callum",4,-0.224457,-0.286687,0.000,1,slow_starter
10873,"Skinns, David",4,0.237427,0.106113,0.000,1,fast_starter
22985,"Smotherman, Austin",4,0.198002,0.205278,5.718,2,fast_starter
17381,"Silverman, Ben",4,0.000860,0.156295,4.208,3,fast_starter
25442,"Montgomery, Taylor",4,-0.233964,-0.212513,0.469,2,slow_starter
21074,"Nakajima, Keita",4,0.095467,0.249601,4.066,3,fast_starter
23602,"Hojgaard, Nicolai",4,-0.549379,-0.550355,,0,slow_starter
25569,"Stevens, Sam",4,-0.092846,-0.313682,1.308,1,slow_starter
23599,"Westmoreland, Kyle",4,0.325222,0.360562,3.779,4,fast_starter
24968,"Griffin, Ben",4,-0.116856,-0.183426,,0,slow_starter
17266,"Yuan, Carl",4,-0.130036,-0.105828,0.820,1,slow_starter
17639,"Blair, Zac",4,0.007597,-0.022226,3.059,1,fast_starter
22833,"Echavarria, Nico",4,-0.021406,-0.021123,,0,slow_starter
23656,"Young, Carson",4,-0.130241,-0.081993,0.821,2,slow_starter
21235,"Albertson, Anders",4,-0.257006,0.068770,0.000,3,slow_starter
11889,"Fox, Ryan",4,0.002003,-0.015054,1.243,2,fast_starter
26649,"Thorbjornsen, Michael",4,-0.094352,0.014392,11.490,2,slow_starter
19208,"Endycott, Harrison",4,-0.092976,-0.107551,3.996,1,slow_starter
22535,"Norrman, Vincent",4,0.161075,0.142285,4.324,2,fast_starter
17508,"Gribble, Cody",4,0.196760,0.188219,4.558,3,fast_starter
18238,"Ancer, Abraham",3,0.402343,0.530293,5.094,2,fast_starter
12946,"Thompson, Michael",3,-0.407658,-0.450167,,0,slow_starter
6283,"Sabbatini, Rory",3,-0.070566,-0.088082,3.996,1,slow_starter
11019,"Steele, Brendan",3,0.012451,-0.094904,6.992,1,fast_starter
18580,"Gooch, Talor",3,-0.383980,-0.372809,,0,slow_starter
21237,"Hickok, Kramer",3,-0.357717,-0.184638,1.094,1,slow_starter
8085,"Teater, Josh",3,-0.564318,-0.614076,,0,slow_starter
21943,"Lebioda, Hank",3,0.004946,-0.128728,3.415,1,fast_starter
11826,"Lee, Danny",3,-0.344765,-0.313785,,0,slow_starter
5951,"Gay, Brian",3,-0.304909,-0.256451,,0,slow_starter
8571,"Gomez, Fabian",3,0.144717,0.002274,8.323,1,fast_starter
7602,"Stadler, Kevin",3,0.001421,-0.015523,10.943,2,fast_starter
13531,"Kodaira, Satoshi",3,-0.101594,0.001921,,0,slow_starter
8769,"Potter, Jr., Ted",3,0.366340,0.394368,16.595,2,fast_starter
5874,"Percy, Cameron",3,0.226860,0.216413,4.116,2,fast_starter
6457,"Van Pelt, Bo",3,-0.455424,-0.349779,,0,slow_starter
11330,"Brown, Scott",3,-0.187990,-0.138790,,0,slow_starter
8479,"Harrington, Scott",3,0.208502,0.377846,2.919,1,fast_starter
10185,"Every, Matt",3,-0.673110,-0.282425,,0,slow_starter
7959,"Holmes, J.B.",3,0.226501,0.374852,6.337,2,fast_starter
20770,"Munoz, Sebastian",3,0.290948,0.222706,2.875,1,fast_starter
1804,"Choi, K.J.",3,-0.752155,-0.467997,,0,slow_starter
7236,"Trahan, D.J.",3,-0.259345,-0.341017,,0,slow_starter
6846,"Barnes, Ricky",3,-0.233117,-0.047888,,0,slow_starter
5625,"Chalmers, Greg",3,-0.271197,-0.172934,0.000,1,slow_starter
5689,"Garcia, Sergio",3,0.256025,0.273089,2.727,1,fast_starter
3464,"Love III, Davis",3,1.428827,0.611749,9.729,2,fast_starter
17064,"Herbert, Lucas",3,0.291852,0.310202,3.496,1,fast_starter
25335,"Stallings Jr., Stephen",3,0.096783,0.073673,81.598,1,fast_starter
14815,"Lingmerth, David",3,-0.045329,-0.144403,5.927,1,slow_starter
19455,"Pereira, Mito",3,0.242326,0.235684,2.110,1,fast_starter
8182,"Blixt, Jonas",3,-0.091808,-0.120818,8.156,1,slow_starter
13944,"Pieters, Thomas",3,-0.204362,-0.179703,9.775,1,slow_starter
19864,"Hammer, Cole",3,-0.418352,-0.566161,,0,slow_starter
6222,"Henry, J.J.",3,-0.081217,-0.220471,0.000,1,slow_starter
9604,"Stroud, Chris",3,-0.034001,-0.100639,,0,slow_starter
15016,"Schwab, Matthias",3,0.321512,0.440696,5.150,1,fast_starter
16566,"Barjon, Paul",3,-0.221260,-0.028584,3.171,1,slow_starter
5701,"Atwal, Arjun",3,0.105852,0.100510,4.644,1,fast_starter
1805,"Johnson, Richard S.",3,-0.204777,-0.210249,,0,slow_starter
23816,"Valimaki, Sami",3,0.783315,0.571427,1.578,2,fast_starter
5183,"Uresti, Omar",3,-0.035950,-0.039403,0.000,1,slow_starter
19395,"Thompson, Curtis",3,0.241595,0.383306,1.835,2,fast_starter
6789,"Garrigus, Robert",3,-0.146596,0.032910,11.290,1,slow_starter
16711,"Ernst, Derek",3,-0.130601,-0.022384,,0,slow_starter
6674,"Crane, Ben",3,0.561399,0.558375,2.742,2,fast_starter
14424,"Burmester, Dean",3,0.239299,-0.038050,3.499,1,fast_starter
19898,"Paul, Yannik",3,0.755508,0.493525,3.412,2,fast_starter
27774,"Gotterup, Christopher",3,0.079845,0.142399,6.370,2,fast_starter
5321,"Woods, Tiger",3,-0.912883,-0.690454,,0,slow_starter
14002,"Alexander, Tyson",3,0.226202,0.107184,2.993,1,fast_starter
14799,"Barnes, Erik",3,-0.145877,-0.097090,,0,slow_starter
21688,"Kim, S.H.",3,-0.282794,-0.438334,,0,slow_starter
16039,"Haley II, Paul",3,-0.911871,-0.144664,4.055,1,slow_starter
16757,"Dou, Zecheng",3,-0.400481,-0.556165,,0,slow_starter
18424,"Roy, Kevin",3,0.308102,0.439739,0.157,2,fast_starter
22981,"Matthews, Brandon",3,-0.096306,0.056978,2.299,1,slow_starter
24562,"Knowles, Philip",3,-0.030642,-0.042762,3.116,2,slow_starter
21880,"Cone, Trevor",3,0.060988,0.067169,34.925,1,fast_starter
14196,"Meronk, Adrian",3,0.324973,0.235309,1.738,3,fast_starter
29433,"Bridgeman, Jacob",3,0.399780,0.605790,0.725,2,fast_starter
28309,"Coody, Pierceson",3,-0.075514,0.091208,8.724,2,slow_starter
23950,"Aberg, Ludvig",3,0.153010,0.280102,1.768,2,fast_starter
18105,"Lawrence, Thriston",3,0.062029,0.068958,29.291,2,fast_starter
27780,"Crowe, Trace",3,0.576513,0.263951,0.000,1,fast_starter
13412,"Olesen, Thorbjorn",3,0.266079,0.339508,1.569,2,fast_starter
18586,"Smith, Jordan",3,-0.064983,0.202014,1.534,2,slow_starter
19960,"Pavon, Matthieu",3,0.476819,0.422710,4.226,2,fast_starter
22760,"Hisatsune, Ryo",3,0.303442,0.097709,3.602,2,fast_starter
7108,"Casey, Paul",2,-0.225182,-0.334763,6.085,1,slow_starter
17509,"Seiffert, Chase",2,0.176121,0.203362,0.944,1,fast_starter
14081,"Hoag, Bo",2,0.071968,0.059551,10.536,1,fast_starter
8605,"Jones, Matt",2,-0.147685,-0.243898,,0,slow_starter
18695,"Hagy, Brandon",2,0.141176,-0.029984,,0,fast_starter
14606,"Huh, John",2,0.005375,-0.001237,6.583,1,fast_starter
17584,"McCumber, Tyler",2,-0.400294,-0.377034,,0,slow_starter
25919,"Wolff, Matthew",2,-0.970208,-0.488598,,0,slow_starter
7398,"Schwartzel, Charl",2,-0.116940,-0.146983,7.361,1,slow_starter
14013,"Tringale, Cameron",2,-0.344170,-0.141455,,0,slow_starter
6930,"Taylor, Vaughn",2,-0.081268,-0.115234,,0,slow_starter
12669,"Lahiri, Anirban",2,-0.323229,-0.510174,,0,slow_starter
7097,"Wilkinson, Tim",2,0.158025,0.326525,109.094,1,fast_starter
6762,"Perez, Pat",2,-0.116608,-0.195002,,0,slow_starter
6892,"Howell III, Charles",2,0.094546,0.091851,0.579,1,fast_starter
15651,"Ventura, Kristoffer",2,0.099421,0.155301,0.000,1,fast_starter
7452,"Na, Kevin",2,0.179664,0.171336,75.935,1,fast_starter
14706,"Swafford, Hudson",2,-0.883036,-0.659948,,0,slow_starter
14735,"Ortiz, Carlos",2,0.107664,0.125308,,0,fast_starter
7672,"Oosthuizen, Louis",2,-0.295164,-0.412006,,0,slow_starter
16602,"Varner III, Harold",2,0.305554,0.336142,4.033,1,fast_starter
7334,"Watson, Bubba",2,-0.013479,-0.022404,,0,slow_starter
7649,"Leishman, Marc",2,-0.379639,-0.586211,,0,slow_starter
12337,"Kokrak, Jason",2,0.339439,0.445863,,0,fast_starter
16382,"Knous, Jim",2,0.515068,0.321098,,0,fast_starter
2881,"Furyk, Jim",2,-0.170330,-0.257974,13.329,1,slow_starter
11952,"Grace, Branden",2,0.341857,0.348217,10.628,1,fast_starter
11357,"Uihlein, Peter",2,-0.043387,-0.035202,3.544,1,slow_starter
12321,"Aphibarnrat, Kiradech",2,-0.022088,-0.143554,0.000,1,slow_starter
9643,"Blaum, Ryan",2,0.244384,-0.150018,0.847,1,fast_starter
7927,"Wagner, Johnson",2,-0.192232,-0.083005,,0,slow_starter
7457,"Cabrera Bello, Rafa",2,0.072182,0.116637,,0,fast_starter
863,"Daly, John",2,-0.327025,-0.180332,,0,slow_starter
12232,"Ishikawa, Ryo",2,0.376250,0.555160,0.000,1,fast_starter
9168,"McLachlin, Parker",2,0.132457,-0.077588,3.850,1,fast_starter
4052,"Westwood, Lee",2,-0.405582,-0.311485,,0,slow_starter
1435,"Poulter, Ian",2,-0.105982,-0.290323,,0,slow_starter
9531,"Wiesberger, Bernd",2,-0.629050,-0.353958,,0,slow_starter
5994,"Stenson, Henrik",2,0.555643,0.574364,0.000,1,fast_starter
7548,"McDowell, Graeme",2,0.050411,0.007511,,0,fast_starter
8117,"Kaymer, Martin",2,0.355625,-0.012539,,0,fast_starter
26013,"Nimmer, Bryson",2,-0.354145,-0.309875,,0,slow_starter
18770,"Rozner, Antoine",2,-0.036610,-0.078732,8.254,1,slow_starter
9883,"van der Walt, Dawie",2,-0.163824,-0.113526,5.163,1,slow_starter
18164,"Wolfe, Jared",2,0.299196,0.335768,0.000,1,fast_starter
6462,"Bohn, Jason",2,-0.013088,0.068280,0.000,1,slow_starter
12734,"Scrivener, Jason",2,-0.251625,-0.164323,,0,slow_starter
19866,"Horsfield, Sam",2,-0.580062,-0.456723,,0,slow_starter
19643,"Reeves, Seth",2,0.052543,0.147808,4.476,1,fast_starter
27996,"Cummins, Quade",2,0.718514,0.806933,2.414,1,fast_starter
17570,"Creel, Joshua",2,0.678547,0.688032,9.108,1,fast_starter
15162,"Drewitt, Brett",2,0.028388,0.050578,0.000,1,fast_starter
2035,"Chopra, Daniel",2,-1.862050,-0.204425,,0,slow_starter
5906,"Purdy, Ted",2,-1.353450,-0.676590,,0,slow_starter
9584,"Merrick, John",2,0.302191,0.272282,3.750,1,fast_starter
21889,"Kang, Jeffrey",2,1.457688,0.709029,1.698,1,fast_starter
22914,"Grant, Brent",2,0.454332,0.360660,4.853,1,fast_starter
15310,"Li, Haotong",2,0.280125,0.052417,0.880,1,fast_starter
28323,"Koch, Greg",2,-0.561900,-0.260216,0.000,1,slow_starter
16796,"Nunez, Augusto",2,0.056061,0.031353,0.000,1,fast_starter
10877,"Goya, Tano",2,-0.025125,0.099019,0.000,1,slow_starter
28558,"Werbylo, Trevor",2,0.149100,0.222786,0.000,1,fast_starter
23236,"Arnaus, Adri",2,-2.449463,-0.841311,,0,slow_starter
10622,"Mueller, Jesse",2,-0.509725,-0.376409,0.000,1,slow_starter
5663,"Davis, Brian",2,0.258086,0.220948,2.298,1,fast_starter
15596,"Cockerill, Aaron",2,-0.300938,-0.385288,,0,slow_starter
12333,"Block, Michael",2,-0.691839,-0.573312,,0,slow_starter
19681,"Semikawa, Taiga",2,-0.421774,-0.585337,,0,slow_starter
25263,"Onishi, Kaito",2,0.189989,0.333553,0.000,2,fast_starter
20448,"Katsuragawa, Yuto",2,1.460587,0.809905,2.734,2,fast_starter
29767,"Gerard, Ryan",2,-0.490507,-0.556870,,0,slow_starter
16713,"Lindheim, Nicholas",2,-0.082252,-0.066680,0.000,1,slow_starter
28158,"Bennett, Sam",2,-0.219593,-0.460643,0.000,1,slow_starter
27600,"Kuest, Peter",2,-0.846800,-0.315574,,0,slow_starter
27900,"Potgieter, Aldrich",2,0.336296,0.372188,0.316,2,fast_starter
30814,"Sargent, Gordon",2,0.310679,0.105659,,0,fast_starter
7033,"Molinari, Edoardo",2,-0.150812,-0.180201,,0,slow_starter
26746,"Summerhays, Preston",2,0.018050,0.077637,0.000,1,fast_starter
21412,"Capan III, Frankie",2,0.561725,0.137623,,0,fast_starter
25614,"Biondi, Fred",2,1.249187,0.910844,1.282,2,fast_starter
27183,"Salinda, Isaiah",2,-0.121102,0.033677,0.768,1,slow_starter
20954,"Hirata, Kensei",2,1.688813,0.735911,0.793,1,fast_starter
9842,"Zanotti, Fabrizio",2,-1.116125,-0.803350,,0,slow_starter
10498,"Overton, Jeff",2,0.467075,0.556089,4.715,2,fast_starter
25334,"Johnson, Chase",2,0.114750,-0.101814,3.716,1,fast_starter
28270,"Dunlap, Nick",2,-0.075950,0.036509,2.101,1,slow_starter
27164,"Phillips, Chandler",2,-0.129754,-0.102168,341.967,1,slow_starter
28469,"Highsmith, Joe",2,0.848939,0.654027,3.652,2,fast_starter
23465,"Greyserman, Max",2,0.039795,0.294700,,0,fast_starter
24354,"Xiong, Norman",2,0.055698,0.003771,2.352,1,fast_starter
21995,"Springer, Hayden",2,0.024704,-0.021431,1.440,1,fast_starter
22002,"Dumont de Chassart, Adrien",2,-0.230255,-0.185478,97.963,1,slow_starter
23504,"Hoey, Rico",2,0.264761,0.411635,14.944,2,fast_starter
25094,"Fishburn, Patrick",2,-0.173408,-0.213506,,0,slow_starter
17032,"Tosti, Alejandro",2,-0.344346,-0.418619,,0,slow_starter
28159,"Meissner, Mac",2,-0.158418,-0.102474,0.180,1,slow_starter
19396,"Knapp, Jake",2,0.798843,0.697120,2.572,2,fast_starter
14502,"Cauley, Bud",2,0.187675,0.233090,0.577,1,fast_starter
32330,"Clanton, Luke",2,-0.026529,-0.017446,36.147,1,slow_starter
29827,"James, Benjamin",2,-0.566425,-0.718715,,0,slow_starter
28615,"Bairstow, Sam",2,0.892500,0.654178,0.851,2,fast_starter
11460,"Manassero, Matteo",2,0.607780,0.165560,,0,fast_starter
24962,"Docherty, Alistair",2,-0.272437,-0.207452,,0,slow_starter
26850,"Svensson, Jesper",2,-0.707612,-0.517469,,0,slow_starter
28635,"McCarty, Matt",2,-0.545957,-0.196306,12.005,1,slow_starter
25362,"Fitzpatrick, Alex",2,0.302500,0.193769,3.686,1,fast_starter
13342,"Gibson, Rhein",1,0.084607,0.118115,,0,fast_starter
11382,"Lovemark, Jamie",1,-0.287650,-0.302819,,0,slow_starter
8002,"Oppenheim, Rob",1,-0.129057,-0.094975,,0,slow_starter
14776,"Cappelen, Sebastian",1,0.162029,0.194768,,0,fast_starter
15239,"Ledesma, Nelson",1,0.196036,0.226021,,0,fast_starter
13026,"Zhang, Xinjun",1,-0.489829,-0.665104,,0,slow_starter
26211,"Augenstein, John",1,-0.251971,-0.270945,,0,slow_starter
12131,"Anderson, Mark",1,0.586043,0.855921,,0,fast_starter
13971,"Baker, Chris",1,-0.089293,-0.137243,,0,slow_starter
4818,"Stricker, Steve",1,0.637286,0.570757,,0,fast_starter
19909,"Gellerman, Michael",1,0.829157,0.737224,,0,fast_starter
7636,"Mahan, Hunter",1,0.431971,0.409364,,0,fast_starter
5207,"Senden, John",1,1.074271,0.654299,,0,fast_starter
5151,"Kelly, Jerry",1,-0.413875,-0.284656,,0,slow_starter
15164,"Lewis, Tom",1,-0.050371,-0.077529,,0,slow_starter
16598,"Lee, Tain",1,-0.381850,-0.255071,,0,slow_starter
21549,"Mack III, Willie",1,-0.136725,-0.162519,,0,slow_starter
27597,"Ogletree, Andy",1,0.757275,0.897658,,0,fast_starter
24450,"Strafaci, Tyler",1,0.531221,0.426913,,0,fast_starter
14036,"Sucher, Zack",1,0.103357,0.292676,,0,fast_starter
15720,"Roach, Wes",1,0.124729,0.194745,,0,fast_starter
12643,"Castro, Roberto",1,-0.735750,-0.589977,,0,slow_starter
14012,"Stefani, Shawn",1,0.191164,0.544430,,0,fast_starter
17564,"Bozzelli, Dominic",1,0.218343,0.305264,,0,fast_starter
28038,"Johnson, Kamaiu",1,-1.124500,-0.939755,,0,slow_starter
14904,"Kinoshita, Ryosuke",1,-0.369750,-0.672471,,0,slow_starter
653,"Singh, Vijay",1,-1.755500,-0.848360,,0,slow_starter
14368,"Janewattananond, Jazz",1,0.521400,0.377420,,0,fast_starter
21997,"Koepka, Chase",1,-2.837275,-0.924443,,0,slow_starter
16213,"Arendell, Connor",1,0.690750,0.941128,,0,fast_starter
23606,"Meyer, Dylan",1,-1.903000,-0.941531,,0,slow_starter
18524,"Catlin, John",1,-0.694000,-0.710510,,0,slow_starter
13118,"Beljan, Charlie",1,-0.707650,-0.825427,,0,slow_starter
27984,"Long, Joe",1,0.468100,0.919376,,0,fast_starter
7751,"Romero, Andres",1,-0.801043,-0.884117,,0,slow_starter
6151,"Frazar, Harrison",1,-1.505500,-0.802460,,0,slow_starter
15193,"van Tonder, Danie",1,2.416375,0.837808,,0,fast_starter
15326,"Sullivan, Andy",1,2.416375,0.949123,,0,fast_starter
15229,"Stone, Brandon",1,0.185500,0.069220,,0,fast_starter
23853,"Beach, Alex",1,-0.075500,-0.113526,,0,slow_starter
6287,"Kennedy, Brad",1,0.546825,0.923351,,0,fast_starter
16165,"Inamori, Yuki",1,0.682125,0.169234,,0,fast_starter
7532,"Ormsby, Wade",1,0.091625,0.076834,,0,fast_starter
25889,"Nienaber, Wilco",1,-1.426225,-0.745130,,0,slow_starter
6300,"Rollins, John",1,-0.612100,-0.644517,,0,slow_starter
8767,"de Jonge, Brendon",1,-0.837650,-0.522066,,0,slow_starter
7048,"Pettersson, Carl",1,0.067400,0.054951,,0,fast_starter
18631,"Kaufman, Smylie",1,-3.576250,-0.999589,,0,slow_starter
6414,"Imada, Ryuji",1,1.092167,0.528537,2.118,1,fast_starter
29230,"Piot, James",1,0.626129,0.618587,,0,fast_starter
18869,"Lamb, Rick",1,-1.705250,-0.838084,,0,slow_starter
14082,"Hoffmann, Morgan",1,0.569075,0.376604,,0,fast_starter
29328,"Jarvis, Aaron",1,1.098250,0.827535,,0,fast_starter
17274,"Shindler, Conrad",1,-0.419250,-0.952375,,0,slow_starter
7677,"Norris, Shaun",1,-0.074600,-0.240276,,0,slow_starter
26122,"Flavin, Patrick",1,-0.623343,-0.658379,,0,slow_starter
29771,"Vick, Travis",1,0.032125,0.006427,,0,fast_starter
20522,"Veerman, Johannes",1,-1.974250,-0.942351,,0,slow_starter
6516,"Bland, Richard",1,-0.106950,-0.107013,,0,slow_starter
22738,"Morgan, Jediah",1,0.124250,0.722810,,0,fast_starter
18517,"Soderberg, Sebastian",1,0.086500,0.293630,,0,fast_starter
17345,"Naegel, Chris",1,-0.550525,-0.434900,,0,slow_starter
23610,"Crocker, Sean",1,4.252625,0.971805,,0,fast_starter
5859,"Hensby, Mark",1,-1.070350,-0.857764,,0,slow_starter
10886,"Harding, Justin",1,0.191500,0.958426,12.262,1,fast_starter
12188,"Kim, Bio",1,0.748500,0.883746,,0,fast_starter
5698,"Ogilvy, Geoff",1,0.218671,0.262520,0.000,1,fast_starter
6950,"Siem, Marcel",1,0.531667,0.987302,0.000,1,fast_starter
30654,"Porter, Charles",1,2.138583,0.918972,,0,fast_starter
15756,"Higa, Kazuki",1,0.163907,0.332590,5.731,1,fast_starter
28472,"Guise, Danny",1,-2.406550,-0.870066,,0,slow_starter
18239,"Truslow, Austen",1,2.484250,0.991850,,0,fast_starter
29304,"Byrd, Marcus",1,0.555600,0.482637,0.000,1,fast_starter
11329,"Reifers, Kyle",1,0.064500,0.115454,18.821,1,fast_starter
30732,"Carr, Ben",1,0.076000,0.218015,,0,fast_starter
24294,"Fernandez de oliveira, Mateo",1,0.295550,0.386564,,0,fast_starter
7744,"Collins, Chad",1,0.893700,0.834576,,0,fast_starter
9195,"Lamely, Derek",1,-0.674700,-0.432978,,0,slow_starter
18244,"Shinkwin, Callum",1,0.701100,0.461077,6.543,1,fast_starter
19224,"Micheluzzi, David",1,-0.139750,-0.159691,,0,slow_starter
6556,"Compton, Erik",1,-0.038250,-0.043681,,0,slow_starter
16652,"Langasque, Romain",1,0.583750,0.913517,0.000,1,fast_starter
19806,"Forsstrom, Simon",1,-0.108750,-0.602911,,0,slow_starter
14018,"Dantorp, Jens",1,1.799125,0.761592,,0,fast_starter
9133,"Larrazabal, Pablo",1,0.335850,0.386446,0.000,1,fast_starter
31192,"Steelman, Ross",1,1.145875,0.949727,,0,fast_starter
14975,"Otaegui, Adrian",1,0.464000,0.533537,4.978,1,fast_starter
13731,"Strydom, Ockie",1,1.049750,0.997038,,0,fast_starter
15394,"Diaz, Roberto",1,0.611025,0.813112,0.269,1,fast_starter
25319,"VanDerLaan, John",1,-1.613750,-0.839514,,0,slow_starter
24127,"Hidalgo Portillo, Angel",1,2.895000,0.751703,,0,fast_starter
20704,"Tarrio, Santiago",1,-0.105000,-0.065751,,0,slow_starter
23094,"Nido, Chris",1,0.599625,0.717580,2.397,1,fast_starter
14775,"Bjork, Alexander",1,0.192693,0.241310,7.343,1,fast_starter
23048,"Stanger, Jimmy",1,0.470700,0.424352,,0,fast_starter
29348,"Hale, Jr., Blaine",1,-1.011971,-0.709401,,0,slow_starter
19738,"Dougherty, Kevin",1,-0.018679,-0.041085,,0,slow_starter
27870,"Coody, Parker",1,0.031957,0.052943,0.000,1,fast_starter
18536,"McCormick, Ryan",1,-0.667338,-0.596649,,0,slow_starter
20353,"Whitney, Tom",1,0.103926,0.153543,,0,fast_starter
19620,"Pereda, Raul",1,0.454876,0.671864,9.771,1,fast_starter
25771,"Furr, Wilson",1,0.419871,0.547203,0.000,1,fast_starter
24490,"Galletti, Nicolo",1,1.626375,0.976707,,0,fast_starter
14016,"Campillo, Jorge",1,-0.412000,-0.784964,,0,slow_starter
28077,"Collet, Tyler",1,-0.204050,-0.799977,,0,slow_starter
31027,"Shattuck, Braden",1,-0.592464,-0.501151,,0,slow_starter
25318,"Musselman, Cooper",1,-0.801950,-0.601866,,0,slow_starter
32055,"Shipley, Neal",1,0.237529,0.221027,,0,fast_starter
5513,"Weir, Mike",1,-0.244200,-0.326112,,0,slow_starter
24343,"Lamprecht, Christo",1,0.903475,0.791911,1.903,1,fast_starter
29195,"De la Fuente, Santiago",1,-0.434671,-0.515595,,0,slow_starter
28016,"Gonzalez, Emilio",1,0.890750,0.867118,,0,fast_starter
22322,"Mckibbin, Tom",1,-0.594875,-0.946687,,0,slow_starter
28984,"Puig, David",1,-0.167150,-0.163267,,0,slow_starter
30891,"Morales, Omar",1,-0.702250,-0.957859,,0,slow_starter
24185,"Mansell, Richard",1,0.630875,0.438017,0.000,1,fast_starter
26947,"Jarvis, Casey",1,1.510750,0.866527,,0,fast_starter
32312,"Sherwood, Cole",1,1.599750,0.999129,,0,fast_starter
25091,"Choi, Sam",1,-0.915125,-0.886551,,0,slow_starter
31887,"Berry, Brandon",1,0.535400,0.525731,,0,fast_starter
19360,"Atkins, Matt",1,-0.362500,-0.465655,,0,slow_starter
17081,"Sharma, Shubhankar",1,-0.777000,-0.574932,,0,slow_starter
21362,"Hillier, Daniel",1,-1.652000,-0.685357,,0,slow_starter
23892,"Gumberg, Jordan",1,-0.521250,-0.751432,,0,slow_starter
16909,"Harmeling, Evan",1,-2.853250,-0.978296,,0,slow_starter
11600,"Bradshaw, David",1,0.281500,0.174700,,0,fast_starter
27819,"Castillo, Ricky",1,-0.031164,-0.061683,,0,slow_starter
18628,"Campbell, Brian",1,-0.657943,-0.535905,,0,slow_starter
30892,"Riedel, Matthew",1,-0.211114,-0.194587,,0,slow_starter
22087,"Paul, Jeremy",1,0.228929,0.510204,0.000,1,fast_starter
21875,"Widing, Tim",1,0.898779,0.812817,4.474,1,fast_starter
24837,"Goodwin, Noah",1,0.512221,0.877018,6.455,1,fast_starter
32152,"Brown, Blades",1,-0.131190,-0.215778,,0,slow_starter
16341,"Peterson, Paul",1,0.043786,0.040908,37.823,1,fast_starter
25003,"Walker, Danny",1,0.670164,0.762577,6.596,1,fast_starter
29279,"Suber, Jackson",1,-0.406750,-0.594023,,0,slow_starter
23540,"Andersen, Mason",1,0.102857,0.127656,0.000,1,fast_starter
23502,"Thornberry, Braden",1,0.120850,0.173682,15.354,1,fast_starter
26657,"Fisk, Steven",1,0.331536,0.447944,4.897,1,fast_starter
27762,"Velo, Kevin",1,0.351893,0.522665,11.232,1,fast_starter
31212,"Chandler, Will",1,-0.505090,-0.415388,,0,slow_starter
22736,"Rosenmueller, Thomas",1,0.219821,0.288442,,0,fast_starter
27420,"Dickson, Taylor",1,-0.083650,-0.133188,,0,slow_starter
29770,"Mouw, William",1,0.495800,0.575784,4.287,1,fast_starter
17422,"Del Solar, Cristobal",1,0.505621,0.366211,5.670,1,fast_starter
12426,"Waring, Paul",1,0.113643,0.138400,17.069,1,fast_starter
28473,"Ballester Barrio, Jose Luis",1,-0.048475,-0.026512,,0,slow_starter
32319,"Koivun, Jackson",1,0.716207,0.895393,0.000,1,fast_starter
15676,"Norgaard, Niklas",1,-0.332543,-0.439427,,0,slow_starter
26124,"Korte, Chris",1,0.909950,0.584128,1.990,1,fast_starter
29715,"Manke, RJ",1,-0.207500,-0.098527,,0,slow_starter
24223,"Sugiura, Yuta",1,1.813875,0.535880,4.138,1,fast_starter
20344,"Polland, Ben",1,0.135421,0.147604,3.020,1,fast_starter
24304,"Vilips, Karl",1,-0.430257,-0.307341,,0,slow_starter
9166,"Hicks, Justin",1,-1.241150,-0.754733,,0,slow_starter
14795,"Canter, Laurie",1,0.444786,0.446906,5.359,1,fast_starter
31343,"Ford, David",1,0.086450,0.097973,1.385,1,fast_starter
30937,"Duncan, Austin",1,0.087875,0.044687,,0,fast_starter
31960,"Hastings, Justin",1,-0.066764,-0.085293,,0,slow_starter
33354,"Kent, Noah",1,-0.067350,-0.073277,,0,slow_starter
30445,"Ayora, Angel",1,0.081000,0.041933,0.000,1,fast_starter
11441,"Covello, Vince",1,0.177150,0.134177,,0,fast_starter
23841,"Neergaard-Petersen, Rasmus",1,-0.611725,-0.694919,,0,slow_starter
32457,"Keefer, Johnny",1,0.757950,0.848523,6.057,1,fast_starter
26913,"Phillips, Trent",1,0.459125,0.412850,0.000,1,fast_starter
33755,"La Sasso, Michael",1,0.024393,0.021320,,0,fast_starter
16896,"Kruyswijk, Jacques",1,1.640125,0.850393,2.164,1,fast_starter
32521,"Lewis, Riley",1,1.080375,0.982053,2.001,1,fast_starter
22844,"Kawamoto, Riki",1,-1.081625,-0.790830,,0,slow_starter
25601,"Jordan, Matthew",1,0.095950,0.096288,15.433,1,fast_starter
26190,"Ortiz, Alvaro",1,0.622375,0.266488,2.515,1,fast_starter
12177,"Pavan, Andrea",1,2.149250,0.793478,2.189,1,fast_starter
31188,"Valdes, Brendan",1,-1.388650,-0.858202,,0,slow_starter
15067,"Cao, Yi",1,-1.373250,-0.886543,,0,slow_starter
22465,"Penge, Marco",1,-1.242750,-0.599500,,0,slow_starter
24200,"Smylie, Elvis",1,0.382250,0.354073,0.000,1,fast_starter
13764,"Parry, John",1,2.119375,0.994584,1.973,1,fast_starter
33299,"Chi, Andre",1,1.959875,0.586995,,0,fast_starter
25081,"Humphrey, Theo",1,1.115500,0.954590,,0,fast_starter
22461,"White, Brett",1,0.946000,0.992208,1.909,1,fast_starter
29197,"Brennan, Michael",1,-0.996825,-0.644525,,0,slow_starter
7679,"Aiken, Thomas",1,-0.742125,-0.800052,,0,slow_starter