# peak_timing_summary avg_return_to_form_index=7.38997586409677, median_return_to_form_index=3.445056646561664
# peak_timing_status_counts no_baseline:434 | not_improving:548 | return_to_form:296 | already_better:97 | outside_window:128
# peak_timing_early_peakers Putnam, Andrew (0.0, seasons=5) | Taylor, Nick (0.0, seasons=5) | Martin, Ben (0.0, seasons=4)
# peak_timing_late_peakers Simpson, Webb (427.1, seasons=5) | Merritt, Troy (94.9, seasons=4) | Na, Kevin (75.9, seasons=2)
# peak_timing_example Putnam, Andrew tends to reach baseline by event 0.0 (based on 5 seasons), indicating early-season readiness.
# peak_timing_example Taylor, Nick tends to reach baseline by event 0.0 (based on 5 seasons), indicating early-season readiness.
# peak_timing_example Martin, Ben tends to reach baseline by event 0.0 (based on 4 seasons), indicating early-season readiness.
# peak_timing_example Simpson, Webb typically reaches baseline after event 6 (avg 427.1 over 5 seasons), suggesting a later peak.
# peak_timing_example Merritt, Troy typically reaches baseline after event 6 (avg 94.9 over 4 seasons), suggesting a later peak.
# peak_timing_example Na, Kevin typically reaches baseline after event 6 (avg 75.9 over 2 seasons), suggesting a later peak.
dg_id,player_name,seasons,avg_slope,avg_r,avg_return_to_form,return_to_form_count,trend
14609,"Kim, Si Woo",5,-0.370523,-0.273268,1.580,2,slow_starter
15466,"Cantlay, Patrick",5,-0.387999,-0.314303,5.871,2,slow_starter
17786,"Davis, Cameron",5,-0.435879,-0.494357,,0,slow_starter
11676,"Finau, Tony",5,0.034954,-0.057798,7.512,2,fast_starter
24550,"Ghim, Doug",5,-0.086433,-0.030941,2.624,2,slow_starter
8825,"Harman, Brian",5,-0.186118,-0.129564,4.755,1,slow_starter
12423,"Kirk, Chris",5,-0.073369,-0.080689,2.115,1,slow_starter
12577,"Woodland, Gary",5,-0.271679,-0.116164,6.021,2,slow_starter
12965,"Fowler, Rickie",5,-0.020373,-0.031617,2.146,2,slow_starter
14704,"Putnam, Andrew",5,-0.251634,-0.161542,0.000,1,slow_starter
17538,"Homa, Max",5,0.063760,0.164968,3.798,2,fast_starter
19477,"Schenk, Adam",5,0.217019,0.158930,6.410,2,fast_starter
12808,"Grillo, Emiliano",5,-0.056350,0.011212,10.527,2,slow_starter
10419,"Noren, Alex",5,0.010819,0.052697,2.772,2,fast_starter
27194,"Hall, Harry",5,-0.151253,-0.149972,7.252,2,slow_starter
16715,"Ryder, Sam",5,-0.190950,-0.263865,1.111,2,slow_starter
13126,"Taylor, Nick",5,-0.084574,-0.175901,0.000,1,slow_starter
13470,"Kizzire, Patton",5,-0.089404,-0.147604,5.678,2,slow_starter
23604,"Clark, Wyndham",5,-0.370281,-0.301413,2.378,2,slow_starter
17550,"van Rooyen, Erik",5,-0.135564,-0.169913,,0,slow_starter
18634,"McNealy, Maverick",5,-0.201844,-0.186446,1.035,1,slow_starter
25908,"Whaley, Vincent",5,0.126690,0.046229,10.366,3,fast_starter
18417,"Scheffler, Scottie",5,0.036737,0.150428,0.986,2,fast_starter
15330,"Griffin, Lanto",5,-0.126513,-0.019407,4.167,2,slow_starter
24766,"Kim, Joohyung",5,-0.070553,-0.120784,2.949,1,slow_starter
16243,"Koepka, Brooks",5,-0.039647,-0.014359,5.235,2,slow_starter
14509,"Dahmen, Joel",5,-0.139417,-0.156652,23.489,2,slow_starter
14578,"Henley, Russell",5,0.053640,0.086517,3.660,2,fast_starter
19483,"Burns, Sam",5,-0.142047,-0.199029,5.847,1,slow_starter
17536,"Spaun, J.J.",5,-0.434056,-0.544875,,0,slow_starter
19870,"McCarthy, Denny",5,-0.155601,-0.150560,3.107,1,slow_starter
16283,"Rodgers, Patrick",5,-0.026811,-0.085650,9.561,2,slow_starter
16333,"Hubbard, Mark",5,-0.125213,-0.059877,4.139,2,slow_starter
7399,"Glover, Lucas",5,0.145762,0.097253,3.124,2,fast_starter
8480,"Streelman, Kevin",5,0.398348,0.376716,5.835,4,fast_starter
15470,"Hossler, Beau",5,-0.055595,-0.042980,2.644,2,slow_starter
14926,"Malnati, Peter",5,0.295488,0.334535,2.872,4,fast_starter
22051,"Wise, Aaron",5,0.138364,0.151233,4.838,2,fast_starter
15575,"Hoge, Tom",5,-0.296631,-0.230699,,0,slow_starter
8820,"Snedeker, Brandt",5,-0.026068,-0.019072,2.428,2,slow_starter
9171,"Villegas, Camilo",5,0.186183,0.158928,5.542,3,fast_starter
11451,"Garnett, Brice",5,0.220343,0.306505,2.936,2,fast_starter
17511,"Straka, Sepp",5,-0.021025,0.007267,1.014,3,slow_starter
21554,"Poston, J.T.",5,-0.331523,-0.178471,0.927,1,slow_starter
13872,"Bradley, Keegan",5,0.174619,0.166336,2.231,2,fast_starter
17543,"Kim, Michael",5,-0.032171,0.001218,1.061,2,slow_starter
5768,"Hoffman, Charley",5,-0.138815,-0.000865,6.784,1,slow_starter
19895,"Schauffele, Xander",5,-0.025560,-0.007633,6.219,3,slow_starter
14636,"Spieth, Jordan",5,0.163510,0.194849,4.391,3,fast_starter
10091,"McIlroy, Rory",5,-0.109036,-0.025972,0.000,3,slow_starter
17576,"Conners, Corey",5,0.044431,0.046622,10.356,2,fast_starter
11049,"Simpson, Webb",5,-0.019362,-0.007045,427.134,2,slow_starter
13562,"Matsuyama, Hideki",5,-0.220210,-0.300858,,0,slow_starter
6169,"Kuchar, Matt",5,-0.252964,-0.288670,,0,slow_starter
11276,"Horschel, Billy",5,0.130909,0.185561,14.741,3,fast_starter
19872,"Riley, Davis",5,0.216101,0.216926,4.967,2,fast_starter
14577,"English, Harris",5,-0.052683,-0.162272,10.405,2,slow_starter
9771,"Day, Jason",5,-0.313764,-0.355209,,0,slow_starter
17365,"Mitchell, Keith",5,-0.020957,-0.075277,0.794,2,slow_starter
14140,"Higgs, Harry",5,0.026905,0.012227,3.026,2,fast_starter
18841,"Hovland, Viktor",5,0.186608,0.240096,4.946,3,fast_starter
6430,"Scott, Adam",5,-0.130772,-0.209969,0.275,1,slow_starter
15556,"Hughes, Mackenzie",5,0.133473,0.127134,6.249,2,fast_starter
26651,"Young, Cameron",5,0.299179,0.341193,30.827,4,fast_starter
13508,"Vegas, Jhonattan",5,0.109976,0.031058,6.820,2,fast_starter
10104,"Power, Seamus",5,-0.136620,-0.193008,14.571,1,slow_starter
16841,"Lee, Min Woo",5,0.028789,0.080780,1.607,2,fast_starter
22085,"Morikawa, Collin",5,0.036974,0.012871,2.672,1,fast_starter
17646,"Fitzpatrick, Matthew",5,-0.242847,-0.340622,,0,slow_starter
18103,"Bezuidenhout, Christiaan",5,0.066641,0.078123,4.988,3,fast_starter
12294,"Fleetwood, Tommy",5,-0.343429,0.025018,1.481,2,slow_starter
20706,"Wallace, Matt",5,0.524941,0.478300,7.674,4,fast_starter
23323,"MacIntyre, Robert",5,0.104152,-0.083457,2.534,1,fast_starter
13900,"Lowry, Shane",5,0.112606,0.125433,2.479,2,fast_starter
20722,"Schmid, Matthias",5,0.008961,-0.052510,2.785,1,fast_starter
6093,"Rose, Justin",5,-0.383957,-0.288602,6.051,1,slow_starter
18474,"Smalley, Alex",5,-0.182839,-0.229441,2.678,2,slow_starter
26653,"Eckroat, Austin",5,-0.028230,0.021362,5.743,2,slow_starter
27364,"Thompson, Davis",5,-0.128139,-0.047120,2.711,2,slow_starter
18554,"Rai, Aaron",5,0.100840,0.075288,2.924,2,fast_starter
23505,"McGreevy, Max",5,0.341316,0.318780,3.260,2,fast_starter
16394,"Jaeger, Stephan",5,-0.033262,0.057808,2.227,3,slow_starter
25157,"Hodges, Lee",5,-0.164833,-0.182225,3.867,1,slow_starter
23014,"Theegala, Sahith",5,0.171513,0.275161,3.130,3,fast_starter
19840,"Ramey, Chad",5,0.018493,0.004253,7.665,2,fast_starter
21944,"Moore, Taylor",5,0.199134,0.149316,9.138,2,fast_starter
13997,"Svensson, Adam",5,0.039650,0.012479,4.145,1,fast_starter
15980,"Lipsky, David",5,-0.191470,-0.246944,,0,slow_starter
17780,"Pendrith, Taylor",5,-0.110364,-0.164956,4.771,1,slow_starter
24342,"Higgo, Garrick",5,-0.386791,-0.431515,13.948,1,slow_starter
21756,"Cole, Eric",5,-0.348103,-0.130014,2.958,1,slow_starter
23838,"Hojgaard, Rasmus",5,-0.332946,-0.209816,37.799,1,slow_starter
21891,"Kitayama, Kurt",5,0.293134,0.154031,1.933,3,fast_starter
17881,"Yu, Kevin",5,0.137008,0.121228,1.238,2,fast_starter
23475,"Novak, Andrew",5,0.212277,0.250570,2.771,2,fast_starter
25002,"Wu, Dylan",5,-0.051394,-0.179804,1.733,2,slow_starter
17723,"Lower, Justin",5,0.387624,0.138358,4.049,2,fast_starter
14459,"An, Byeong Hun",4,-0.749002,-0.639769,,0,slow_starter
7655,"Molinari, Francesco",4,-0.390502,-0.300563,7.101,1,slow_starter
17488,"Im, Sungjae",4,-0.152359,-0.173663,2.693,1,slow_starter
11657,"Norlander, Henrik",4,-0.022793,-0.029565,2.949,2,slow_starter
8469,"Armour, Ryan",4,0.270350,-0.009363,4.233,1,fast_starter
13831,"Knox, Russell",4,0.144857,0.032390,2.916,1,fast_starter
7960,"List, Luke",4,-0.314825,-0.336193,12.309,1,slow_starter
13965,"Hadwin, Adam",4,-0.195126,-0.222663,3.325,1,slow_starter
11374,"Hahn, James",4,-0.200665,-0.257896,12.766,1,slow_starter
13497,"Lee, Kyoung-Hoon",4,-0.118598,-0.040761,4.956,2,slow_starter
12069,"Stanley, Kyle",4,0.562305,0.341465,4.052,2,fast_starter
18579,"Cook, Austin",4,-0.125369,-0.168049,5.220,2,slow_starter
9586,"Laird, Martin",4,-0.123768,-0.220746,4.029,1,slow_starter
13022,"Stuard, Brian",4,0.100830,0.122690,7.595,3,fast_starter
18187,"Duncan, Tyler",4,0.187323,0.244143,1.499,2,fast_starter
14007,"Martin, Ben",4,0.075979,0.082449,0.000,2,fast_starter
7293,"Walker, Jimmy",4,0.008075,-0.053343,4.965,1,fast_starter
6986,"Johnson, Zach",4,-0.201923,-0.190064,,0,slow_starter
21943,"Lebioda, Hank",4,0.077418,0.025250,4.409,2,fast_starter
26660,"Gordon, Will",4,0.089232,0.094076,2.461,2,fast_starter
7340,"Hearn, David",4,-1.123012,-0.389363,20.377,1,slow_starter
24481,"Redman, Doc",4,-0.103772,-0.214743,,0,slow_starter
7900,"Haas, Bill",4,0.407192,0.555258,3.072,3,fast_starter
7961,"Reavie, Chez",4,-0.051471,-0.056195,,0,slow_starter
15475,"Pan, C.T.",4,-0.172215,-0.190308,3.930,1,slow_starter
13367,"Merritt, Troy",4,-0.078399,-0.029514,94.907,2,slow_starter
4163,"Donald, Luke",4,0.020063,-0.123159,5.433,1,fast_starter
7301,"Dufner, Jason",4,-0.064693,-0.008550,3.171,1,slow_starter
26096,"Bhatia, Akshay",4,0.004985,-0.188720,3.009,1,fast_starter
6252,"Baddeley, Aaron",4,-0.298124,-0.237100,,0,slow_starter
14838,"Reed, Patrick",4,-0.523526,-0.452188,,0,slow_starter
12846,"Herman, Jim",4,0.133145,0.214907,3.139,3,fast_starter
7899,"Piercy, Scott",4,0.039911,0.000774,6.399,2,fast_starter
13127,"Tway, Kevin",4,0.086099,0.236485,4.359,2,fast_starter
11117,"Noh, Seung-Yul",4,0.289664,0.264231,3.684,2,fast_starter
1547,"Mickelson, Phil",4,-0.076986,0.013309,2.543,1,slow_starter
7955,"Watney, Nick",4,0.110525,0.075175,3.639,1,fast_starter
18635,"Shelton, Robby",4,-0.419873,-0.358904,1.183,1,slow_starter
14967,"Hadley, Chesson",4,0.230148,0.282664,3.760,2,fast_starter
10943,"Lashley, Nate",4,0.240180,0.183672,2.039,2,fast_starter
12909,"Campos, Rafael",4,-0.166792,0.037493,5.420,1,slow_starter
23542,"Champ, Cameron",4,0.048757,0.008800,3.809,2,fast_starter
16433,"NeSmith, Matthew",4,0.175836,0.047488,6.564,1,fast_starter
7881,"Kang, Sung",4,0.165467,0.128258,2.136,2,fast_starter
14698,"Bramlett, Joseph",4,0.044665,-0.087934,,0,fast_starter
14139,"Thomas, Justin",4,0.050525,0.097734,5.226,2,fast_starter
19195,"Rahm, Jon",4,-0.186386,-0.320554,,0,slow_starter
19428,"Zalatoris, Will",4,-0.147193,-0.181535,8.609,1,slow_starter
12425,"Todd, Brendon",4,-0.414561,-0.382590,,0,slow_starter
7820,"Palmer, Ryan",4,-0.511829,-0.540911,,0,slow_starter
19865,"Hardy, Nick",4,-0.223230,-0.305888,13.037,1,slow_starter
17606,"Berger, Daniel",4,-0.111604,-0.087966,3.994,1,slow_starter
11955,"Frittelli, Dylan",4,0.495773,0.423445,3.273,3,fast_starter
14852,"Streb, Robert",4,-0.017405,-0.011623,33.005,2,slow_starter
5716,"Harrington, Padraig",4,0.022707,0.036622,5.822,2,fast_starter
15856,"Smith, Cameron",4,0.178886,0.225691,1.269,1,fast_starter
10423,"Brehm, Ryan",4,-0.465845,-0.207986,6.717,1,slow_starter
13305,"Chappell, Kevin",4,0.233520,0.336968,3.250,2,fast_starter
6931,"Byrd, Jonathan",4,0.165073,0.307467,4.190,2,fast_starter
18079,"Niemann, Joaquin",4,-0.341331,-0.444225,,0,slow_starter
11328,"Kisner, Kevin",4,-0.134974,-0.114046,5.533,1,slow_starter
21236,"Bryan, Wesley",4,0.250416,0.165865,3.547,3,fast_starter
19729,"Kanaya, Takumi",4,-0.016146,-0.191400,,0,slow_starter
12422,"Johnson, Dustin",4,0.053101,0.021875,3.989,1,fast_starter
19841,"DeChambeau, Bryson",4,-0.099134,-0.107258,0.000,1,slow_starter
14796,"Hatton, Tyrrell",4,-0.113818,-0.150087,1.159,1,slow_starter
12920,"Willett, Danny",4,0.151193,0.278122,1.641,3,fast_starter
20730,"Perez, Victor",4,0.051959,0.059856,0.646,3,fast_starter
25213,"Wu, Brandon",4,0.961208,0.309223,1.344,3,fast_starter
6419,"McNeill, George",4,-0.308009,-0.306909,,0,slow_starter
18761,"Mullinax, Trey",4,-0.114641,-0.130054,8.400,2,slow_starter
23482,"Sigg, Greyson",4,-0.135116,-0.195752,2.749,1,slow_starter
15004,"Kim, Chan",4,0.279795,0.325089,4.583,3,fast_starter
14181,"Detry, Thomas",4,-0.353930,-0.410456,,0,slow_starter
27820,"Pak, John",4,-0.042784,0.033959,1.914,1,slow_starter
25363,"Buckley, Hayden",4,-0.284980,-0.257661,7.587,1,slow_starter
22985,"Smotherman, Austin",4,0.257009,0.343718,3.812,3,fast_starter
12169,"Gainey, Tommy",4,-0.023924,-0.180783,3.277,2,slow_starter
21074,"Nakajima, Keita",4,0.185296,0.321616,25.556,4,fast_starter
23602,"Hojgaard, Nicolai",4,-0.447333,-0.467136,,0,slow_starter
25569,"Stevens, Sam",4,-0.023596,-0.226560,1.308,1,slow_starter
24968,"Griffin, Ben",4,-0.177529,-0.303351,,0,slow_starter
18424,"Roy, Kevin",4,0.252414,0.353209,0.105,3,fast_starter
22833,"Echavarria, Nico",4,0.297410,0.194860,3.730,1,fast_starter
23656,"Young, Carson",4,-0.461063,-0.341497,1.641,1,slow_starter
11889,"Fox, Ryan",4,-0.036480,-0.099386,1.388,2,slow_starter
26649,"Thorbjornsen, Michael",4,-0.078853,0.034006,4.763,2,slow_starter
18238,"Ancer, Abraham",3,0.402343,0.530293,5.094,2,fast_starter
12946,"Thompson, Michael",3,-0.407658,-0.450167,,0,slow_starter
6283,"Sabbatini, Rory",3,-0.070566,-0.088082,3.996,1,slow_starter
19364,"Werenski, Richy",3,0.231299,0.282897,4.804,1,fast_starter
11019,"Steele, Brendan",3,0.012451,-0.094904,6.992,1,fast_starter
18580,"Gooch, Talor",3,-0.383980,-0.372809,,0,slow_starter
21237,"Hickok, Kramer",3,-0.357717,-0.184638,1.094,1,slow_starter
11082,"Burgoon, Bronson",3,-0.211264,-0.183683,3.271,1,slow_starter
14050,"Sloan, Roger",3,0.066885,0.192964,1.650,1,fast_starter
14000,"Landry, Andrew",3,0.210088,0.338115,3.504,1,fast_starter
15473,"Long, Adam",3,0.073838,0.115506,1.825,2,fast_starter
7489,"Moore, Ryan",3,0.053410,0.070909,10.275,2,fast_starter
12359,"Stallings, Scott",3,-0.459466,-0.581647,,0,slow_starter
11826,"Lee, Danny",3,-0.344765,-0.313785,,0,slow_starter
5951,"Gay, Brian",3,-0.304909,-0.256451,,0,slow_starter
8571,"Gomez, Fabian",3,0.144717,0.002274,8.323,1,fast_starter
7602,"Stadler, Kevin",3,0.001421,-0.015523,10.943,2,fast_starter
19948,"Taylor, Ben",3,0.090342,0.090783,1.281,2,fast_starter
15651,"Ventura, Kristoffer",3,-0.061694,-0.100428,0.000,1,slow_starter
13531,"Kodaira, Satoshi",3,-0.101594,0.001921,,0,slow_starter
8769,"Potter, Jr., Ted",3,0.366340,0.394368,16.595,2,fast_starter
15852,"Kraft, Kelly",3,0.088252,-0.028260,3.379,2,fast_starter
7626,"O'Hair, Sean",3,0.213795,0.209936,2.228,1,fast_starter
14655,"Murray, Grayson",3,0.215860,0.185044,,0,fast_starter
5874,"Percy, Cameron",3,0.226860,0.216413,4.116,2,fast_starter
6457,"Van Pelt, Bo",3,-0.455424,-0.349779,,0,slow_starter
15634,"Trainer, Martin",3,-0.284236,-0.178767,0.672,1,slow_starter
11330,"Brown, Scott",3,-0.187990,-0.138790,,0,slow_starter
8479,"Harrington, Scott",3,0.208502,0.377846,2.919,1,fast_starter
13404,"Gligic, Michael",3,0.371487,0.459127,5.127,2,fast_starter
10185,"Every, Matt",3,-0.673110,-0.282425,,0,slow_starter
5665,"Cink, Stewart",3,-0.615853,-0.596073,,0,slow_starter
12477,"McGirt, William",3,0.254738,0.429098,3.838,2,fast_starter
20770,"Munoz, Sebastian",3,0.290948,0.222706,2.875,1,fast_starter
22050,"Suh, Justin",3,0.120350,0.254774,1.925,2,fast_starter
1804,"Choi, K.J.",3,-0.752155,-0.467997,,0,slow_starter
7236,"Trahan, D.J.",3,-0.259345,-0.341017,,0,slow_starter
6761,"Points, D.A.",3,-0.318581,-0.351017,4.769,1,slow_starter
10081,"Bae, Sangmoon",3,-0.253407,-0.365323,,0,slow_starter
6846,"Barnes, Ricky",3,-0.233117,-0.047888,,0,slow_starter
5625,"Chalmers, Greg",3,-0.271197,-0.172934,0.000,1,slow_starter
5689,"Garcia, Sergio",3,0.256025,0.273089,2.716,1,fast_starter
17068,"Daffue, MJ",3,0.043083,0.176172,4.095,1,fast_starter
3464,"Love III, Davis",3,1.428827,0.611749,9.729,2,fast_starter
17064,"Herbert, Lucas",3,0.291852,0.310202,3.496,1,fast_starter
25335,"Stallings Jr., Stephen",3,0.096783,0.073673,75.574,1,fast_starter
14815,"Lingmerth, David",3,-0.045329,-0.144403,5.927,1,slow_starter
19455,"Pereira, Mito",3,0.242326,0.235684,2.110,1,fast_starter
8182,"Blixt, Jonas",3,-0.091808,-0.120818,8.156,1,slow_starter
13944,"Pieters, Thomas",3,-0.204362,-0.179703,9.775,1,slow_starter
19864,"Hammer, Cole",3,-0.418352,-0.566161,,0,slow_starter
6222,"Henry, J.J.",3,-0.081217,-0.220471,0.000,1,slow_starter
9604,"Stroud, Chris",3,-0.034001,-0.100639,,0,slow_starter
15016,"Schwab, Matthias",3,0.321512,0.440696,5.150,1,fast_starter
5701,"Atwal, Arjun",3,0.105852,0.100510,4.644,1,fast_starter
1805,"Johnson, Richard S.",3,-0.204777,-0.210249,,0,slow_starter
23816,"Valimaki, Sami",3,0.359039,0.188211,0.000,1,fast_starter
19190,"Hoshino, Rikuya",3,0.259756,0.218653,4.188,2,fast_starter
5183,"Uresti, Omar",3,-0.035950,-0.039403,0.000,1,slow_starter
17357,"Migliozzi, Guido",3,-0.252977,-0.283188,7.229,1,slow_starter
19395,"Thompson, Curtis",3,0.241595,0.383306,1.835,2,fast_starter
7305,"Gutschewski, Scott",3,0.057288,0.151411,3.182,2,fast_starter
16395,"Kohles, Ben",3,0.290099,0.264525,0.000,2,fast_starter
20519,"Tarren, Callum",3,-0.224071,-0.204617,0.000,1,slow_starter
10873,"Skinns, David",3,0.241510,0.026931,,0,fast_starter
6789,"Garrigus, Robert",3,-0.146596,0.032910,11.290,1,slow_starter
16711,"Ernst, Derek",3,-0.130601,-0.022384,,0,slow_starter
6674,"Crane, Ben",3,0.561399,0.558375,2.742,2,fast_starter
17381,"Silverman, Ben",3,-0.030958,0.141689,2.071,2,slow_starter
21889,"Kang, Jeffrey",3,1.071349,0.618762,3.797,2,fast_starter
25442,"Montgomery, Taylor",3,-0.105510,-0.046920,2.547,2,slow_starter
15310,"Li, Haotong",3,0.043757,-0.122633,0.570,1,fast_starter
23599,"Westmoreland, Kyle",3,0.259255,0.347471,4.626,3,fast_starter
19898,"Paul, Yannik",3,0.755508,0.493525,3.478,2,fast_starter
27774,"Gotterup, Christopher",3,-0.309407,-0.264643,12.585,1,slow_starter
17266,"Yuan, Carl",3,0.129288,0.048162,0.820,1,fast_starter
21688,"Kim, S.H.",3,-0.380048,-0.542548,,0,slow_starter
16757,"Dou, Zecheng",3,-0.230926,-0.248778,0.031,1,slow_starter
17639,"Blair, Zac",3,0.050863,0.102054,3.059,1,fast_starter
22981,"Matthews, Brandon",3,-0.096306,0.056978,2.299,1,slow_starter
21235,"Albertson, Anders",3,-0.367501,-0.001036,0.000,2,slow_starter
19208,"Endycott, Harrison",3,-0.063304,-0.063405,3.996,1,slow_starter
22535,"Norrman, Vincent",3,-0.051767,-0.061575,2.902,1,slow_starter
17508,"Gribble, Cody",3,0.532608,0.468820,6.032,3,fast_starter
21880,"Cone, Trevor",3,0.060988,0.067169,34.925,1,fast_starter
29433,"Bridgeman, Jacob",3,0.278042,0.329066,0.000,1,fast_starter
28309,"Coody, Pierceson",3,-0.180526,-0.053242,0.140,1,slow_starter
23950,"Aberg, Ludvig",3,0.419383,0.401704,1.799,2,fast_starter
29767,"Gerard, Ryan",3,-0.507176,-0.639848,,0,slow_starter
27900,"Potgieter, Aldrich",3,0.146407,0.191500,0.316,2,fast_starter
30814,"Sargent, Gordon",3,0.531413,0.396401,2.800,1,fast_starter
13412,"Olesen, Thorbjorn",3,0.432577,0.686403,2.159,3,fast_starter
18586,"Smith, Jordan",3,0.418417,0.550261,2.401,3,fast_starter
19960,"Pavon, Matthieu",3,0.630936,0.600029,2.819,3,fast_starter
21412,"Capan III, Frankie",3,0.475983,0.143219,5.764,1,fast_starter
27183,"Salinda, Isaiah",3,-0.035451,0.051986,5.310,2,slow_starter
22760,"Hisatsune, Ryo",3,0.411582,0.332499,5.893,2,fast_starter
7108,"Casey, Paul",2,-0.225182,-0.334763,6.085,1,slow_starter
17509,"Seiffert, Chase",2,0.176121,0.203362,0.944,1,fast_starter
14081,"Hoag, Bo",2,0.071968,0.059551,10.536,1,fast_starter
8605,"Jones, Matt",2,-0.147685,-0.243898,,0,slow_starter
18695,"Hagy, Brandon",2,0.141176,-0.029984,,0,fast_starter
14606,"Huh, John",2,0.005375,-0.001237,6.583,1,fast_starter
8085,"Teater, Josh",2,-0.699305,-0.641441,,0,slow_starter
17584,"McCumber, Tyler",2,-0.400294,-0.377034,,0,slow_starter
25919,"Wolff, Matthew",2,-0.970208,-0.488598,,0,slow_starter
7398,"Schwartzel, Charl",2,-0.116940,-0.146983,7.361,1,slow_starter
14013,"Tringale, Cameron",2,-0.344170,-0.141455,,0,slow_starter
6930,"Taylor, Vaughn",2,-0.081268,-0.115234,,0,slow_starter
12669,"Lahiri, Anirban",2,-0.323229,-0.510174,,0,slow_starter
6762,"Perez, Pat",2,-0.116608,-0.195002,,0,slow_starter
6892,"Howell III, Charles",2,0.094546,0.091851,0.579,1,fast_starter
7452,"Na, Kevin",2,0.179664,0.171336,75.935,1,fast_starter
14706,"Swafford, Hudson",2,-0.883036,-0.659948,,0,slow_starter
14735,"Ortiz, Carlos",2,0.107664,0.125308,,0,fast_starter
7672,"Oosthuizen, Louis",2,-0.295164,-0.412006,,0,slow_starter
16602,"Varner III, Harold",2,0.305554,0.336142,4.033,1,fast_starter
7334,"Watson, Bubba",2,-0.013479,-0.022404,,0,slow_starter
7959,"Holmes, J.B.",2,0.246632,0.434211,6.095,1,fast_starter
7649,"Leishman, Marc",2,-0.379639,-0.586211,,0,slow_starter
12337,"Kokrak, Jason",2,0.339439,0.445863,,0,fast_starter
16382,"Knous, Jim",2,0.515068,0.321098,,0,fast_starter
2881,"Furyk, Jim",2,-0.170330,-0.257974,13.329,1,slow_starter
11952,"Grace, Branden",2,0.341857,0.348217,10.628,1,fast_starter
11357,"Uihlein, Peter",2,-0.043387,-0.035202,3.544,1,slow_starter
12321,"Aphibarnrat, Kiradech",2,-0.022088,-0.143554,0.000,1,slow_starter
9643,"Blaum, Ryan",2,0.244384,-0.150018,0.847,1,fast_starter
7927,"Wagner, Johnson",2,-0.192232,-0.083005,,0,slow_starter
7457,"Cabrera Bello, Rafa",2,0.072182,0.116637,,0,fast_starter
863,"Daly, John",2,-0.327025,-0.180332,,0,slow_starter
12232,"Ishikawa, Ryo",2,0.376250,0.555160,0.000,1,fast_starter
9168,"McLachlin, Parker",2,0.132457,-0.077588,3.850,1,fast_starter
4052,"Westwood, Lee",2,-0.405582,-0.311485,,0,slow_starter
1435,"Poulter, Ian",2,-0.105982,-0.290323,,0,slow_starter
9531,"Wiesberger, Bernd",2,-0.629050,-0.353958,,0,slow_starter
5994,"Stenson, Henrik",2,0.555643,0.574364,0.000,1,fast_starter
7548,"McDowell, Graeme",2,0.050411,0.007511,,0,fast_starter
8117,"Kaymer, Martin",2,0.355625,-0.012539,,0,fast_starter
26013,"Nimmer, Bryson",2,-0.354145,-0.309875,,0,slow_starter
18770,"Rozner, Antoine",2,-0.036610,-0.078732,7.206,1,slow_starter
16566,"Barjon, Paul",2,-0.387057,-0.120612,,0,slow_starter
9883,"van der Walt, Dawie",2,-0.163824,-0.113526,5.163,1,slow_starter
18164,"Wolfe, Jared",2,0.299196,0.335768,0.000,1,fast_starter
6462,"Bohn, Jason",2,-0.013088,0.068280,0.000,1,slow_starter
19866,"Horsfield, Sam",2,-0.580062,-0.456723,,0,slow_starter
19643,"Reeves, Seth",2,0.052543,0.147808,4.476,1,fast_starter
27996,"Cummins, Quade",2,0.718514,0.806933,2.248,1,fast_starter
17570,"Creel, Joshua",2,0.678547,0.688032,9.108,1,fast_starter
15162,"Drewitt, Brett",2,0.028388,0.050578,0.000,1,fast_starter
2035,"Chopra, Daniel",2,-1.862050,-0.204425,,0,slow_starter
5906,"Purdy, Ted",2,-1.353450,-0.676590,,0,slow_starter
9584,"Merrick, John",2,0.302191,0.272282,3.750,1,fast_starter
22914,"Grant, Brent",2,0.454332,0.360660,4.853,1,fast_starter
14424,"Burmester, Dean",2,0.468574,0.005115,3.499,1,fast_starter
28323,"Koch, Greg",2,-0.561900,-0.260216,0.000,1,slow_starter
5321,"Woods, Tiger",2,-1.279937,-0.925259,,0,slow_starter
14002,"Alexander, Tyson",2,-0.035739,-0.105919,,0,slow_starter
14799,"Barnes, Erik",2,-0.033887,-0.054511,,0,slow_starter
16039,"Haley II, Paul",2,0.127068,0.270796,4.055,1,fast_starter
16796,"Nunez, Augusto",2,0.056061,0.031353,0.000,1,fast_starter
10877,"Goya, Tano",2,-0.025125,0.099019,0.000,1,slow_starter
28558,"Werbylo, Trevor",2,0.149100,0.222786,0.000,1,fast_starter
24562,"Knowles, Philip",2,-0.120751,-0.141772,3.117,1,slow_starter
23236,"Arnaus, Adri",2,-2.449463,-0.841311,,0,slow_starter
10622,"Mueller, Jesse",2,-0.509725,-0.376409,0.000,1,slow_starter
5663,"Davis, Brian",2,0.258086,0.220948,2.298,1,fast_starter
15596,"Cockerill, Aaron",2,-0.300938,-0.385288,,0,slow_starter
14196,"Meronk, Adrian",2,0.163396,0.101660,0.044,2,fast_starter
25263,"Onishi, Kaito",2,0.189989,0.333553,0.000,2,fast_starter
18105,"Lawrence, Thriston",2,0.106921,0.111173,29.756,2,fast_starter
27780,"Crowe, Trace",2,0.950175,0.562251,18.540,1,fast_starter
26746,"Summerhays, Preston",2,0.018050,0.077637,0.000,1,fast_starter
25319,"VanDerLaan, John",2,-0.656829,-0.094105,5.368,1,slow_starter
20954,"Hirata, Kensei",2,0.826786,0.005843,,0,fast_starter
23465,"Greyserman, Max",2,-0.105094,0.044423,3.123,1,slow_starter
28270,"Dunlap, Nick",2,0.201570,0.217030,5.277,2,fast_starter
27819,"Castillo, Ricky",2,0.327618,0.397861,1.316,1,fast_starter
18628,"Campbell, Brian",2,-0.388029,-0.339423,,0,slow_starter
23504,"Hoey, Rico",2,0.126671,0.113803,31.877,2,fast_starter
17032,"Tosti, Alejandro",2,-0.233029,-0.260426,,0,slow_starter
28469,"Highsmith, Joe",2,0.286271,0.221229,2.580,1,fast_starter
28159,"Meissner, Mac",2,-0.454791,-0.516882,,0,slow_starter
27164,"Phillips, Chandler",2,-0.281452,-0.474561,14.832,1,slow_starter
19396,"Knapp, Jake",2,0.257166,0.333202,3.113,1,fast_starter
32152,"Brown, Blades",2,0.110405,-0.037255,0.000,1,fast_starter
26850,"Svensson, Jesper",2,0.285400,0.255754,2.575,1,fast_starter
28635,"McCarty, Matt",2,-0.156771,-0.150758,17.512,1,slow_starter
25003,"Walker, Danny",2,0.381075,0.427735,8.321,2,fast_starter
29279,"Suber, Jackson",2,-0.060500,0.024336,6.672,1,slow_starter
26657,"Fisk, Steven",2,0.263701,0.456536,4.871,2,fast_starter
25094,"Fishburn, Patrick",2,-0.176077,-0.171480,,0,slow_starter
29770,"Mouw, William",2,0.318375,0.326090,7.741,2,fast_starter
14502,"Cauley, Bud",2,0.016721,-0.030080,,0,fast_starter
32330,"Clanton, Luke",2,0.428671,0.410167,3.717,1,fast_starter
24304,"Vilips, Karl",2,-0.884941,-0.651192,,0,slow_starter
31343,"Ford, David",2,0.100312,0.113321,10.150,2,fast_starter
23841,"Neergaard-Petersen, Rasmus",2,-0.649563,-0.744798,,0,slow_starter
32457,"Keefer, Johnny",2,0.244375,0.195825,,0,fast_starter
22465,"Penge, Marco",2,0.050225,0.174554,3.591,1,fast_starter
13764,"Parry, John",2,1.029645,0.440626,1.973,1,fast_starter
29197,"Brennan, Michael",2,-0.266634,0.015268,4.529,1,slow_starter
22002,"Dumont de Chassart, Adrien",2,-0.178066,-0.113567,0.000,1,slow_starter
13342,"Gibson, Rhein",1,0.084607,0.118115,,0,fast_starter
11382,"Lovemark, Jamie",1,-0.287650,-0.302819,,0,slow_starter
8002,"Oppenheim, Rob",1,-0.129057,-0.094975,,0,slow_starter
14776,"Cappelen, Sebastian",1,0.162029,0.194768,,0,fast_starter
15239,"Ledesma, Nelson",1,0.196036,0.226021,,0,fast_starter
7097,"Wilkinson, Tim",1,0.288236,0.621302,,0,fast_starter
13026,"Zhang, Xinjun",1,-0.489829,-0.665104,,0,slow_starter
26211,"Augenstein, John",1,-0.251971,-0.270945,,0,slow_starter
12131,"Anderson, Mark",1,0.586043,0.855921,,0,fast_starter
13971,"Baker, Chris",1,-0.089293,-0.137243,,0,slow_starter
4818,"Stricker, Steve",1,0.637286,0.570757,,0,fast_starter
19909,"Gellerman, Michael",1,0.829157,0.737224,,0,fast_starter
7636,"Mahan, Hunter",1,0.431971,0.409364,,0,fast_starter
5207,"Senden, John",1,1.074271,0.654299,,0,fast_starter
5151,"Kelly, Jerry",1,-0.413875,-0.284656,,0,slow_starter
15164,"Lewis, Tom",1,-0.050371,-0.077529,,0,slow_starter
16598,"Lee, Tain",1,-0.381850,-0.255071,,0,slow_starter
21549,"Mack III, Willie",1,-0.136725,-0.162519,,0,slow_starter
27597,"Ogletree, Andy",1,0.757275,0.897658,,0,fast_starter
24450,"Strafaci, Tyler",1,0.531221,0.426913,,0,fast_starter
14036,"Sucher, Zack",1,0.103357,0.292676,,0,fast_starter
15720,"Roach, Wes",1,0.124729,0.194745,,0,fast_starter
12643,"Castro, Roberto",1,-0.735750,-0.589977,,0,slow_starter
14012,"Stefani, Shawn",1,0.191164,0.544430,,0,fast_starter
17564,"Bozzelli, Dominic",1,0.218343,0.305264,,0,fast_starter
28038,"Johnson, Kamaiu",1,-1.124500,-0.939755,,0,slow_starter
14904,"Kinoshita, Ryosuke",1,-0.369750,-0.672471,,0,slow_starter
653,"Singh, Vijay",1,-1.755500,-0.848360,,0,slow_starter
14368,"Janewattananond, Jazz",1,0.521400,0.377420,,0,fast_starter
21997,"Koepka, Chase",1,-2.837275,-0.924443,,0,slow_starter
16213,"Arendell, Connor",1,0.690750,0.941128,,0,fast_starter
23606,"Meyer, Dylan",1,-1.903000,-0.941531,,0,slow_starter
18524,"Catlin, John",1,-0.694000,-0.710510,,0,slow_starter
13118,"Beljan, Charlie",1,-0.707650,-0.825427,,0,slow_starter
27984,"Long, Joe",1,0.468100,0.919376,,0,fast_starter
7751,"Romero, Andres",1,-0.801043,-0.884117,,0,slow_starter
6151,"Frazar, Harrison",1,-1.505500,-0.802460,,0,slow_starter
12734,"Scrivener, Jason",1,-0.474250,-0.299371,,0,slow_starter
15193,"van Tonder, Danie",1,2.416375,0.837808,,0,fast_starter
15326,"Sullivan, Andy",1,2.416375,0.949123,,0,fast_starter
15229,"Stone, Brandon",1,0.185500,0.069220,,0,fast_starter
23853,"Beach, Alex",1,-0.075500,-0.113526,,0,slow_starter
6287,"Kennedy, Brad",1,0.546825,0.923351,,0,fast_starter
16165,"Inamori, Yuki",1,0.682125,0.169234,,0,fast_starter
7532,"Ormsby, Wade",1,0.091625,0.076834,,0,fast_starter
25889,"Nienaber, Wilco",1,-1.426225,-0.745130,,0,slow_starter
6300,"Rollins, John",1,-0.612100,-0.644517,,0,slow_starter
8767,"de Jonge, Brendon",1,-0.837650,-0.522066,,0,slow_starter
7048,"Pettersson, Carl",1,0.067400,0.054951,,0,fast_starter
18631,"Kaufman, Smylie",1,-3.576250,-0.999589,,0,slow_starter
6414,"Imada, Ryuji",1,1.092167,0.528537,2.118,1,fast_starter
29230,"Piot, James",1,0.626129,0.618587,,0,fast_starter
18869,"Lamb, Rick",1,-1.705250,-0.838084,,0,slow_starter
14082,"Hoffmann, Morgan",1,0.569075,0.376604,,0,fast_starter
29328,"Jarvis, Aaron",1,1.098250,0.827535,,0,fast_starter
17274,"Shindler, Conrad",1,-0.419250,-0.952375,,0,slow_starter
7677,"Norris, Shaun",1,-0.074600,-0.240276,,0,slow_starter
26122,"Flavin, Patrick",1,-0.623343,-0.658379,,0,slow_starter
29771,"Vick, Travis",1,0.032125,0.006427,,0,fast_starter
20522,"Veerman, Johannes",1,-1.974250,-0.942351,,0,slow_starter
6516,"Bland, Richard",1,-0.106950,-0.107013,,0,slow_starter
22738,"Morgan, Jediah",1,0.124250,0.722810,,0,fast_starter
18517,"Soderberg, Sebastian",1,0.086500,0.293630,,0,fast_starter
17345,"Naegel, Chris",1,-0.550525,-0.434900,,0,slow_starter
23610,"Crocker, Sean",1,4.252625,0.971805,,0,fast_starter
5859,"Hensby, Mark",1,-1.070350,-0.857764,,0,slow_starter
10886,"Harding, Justin",1,0.191500,0.958426,12.262,1,fast_starter
12188,"Kim, Bio",1,0.748500,0.883746,,0,fast_starter
12333,"Block, Michael",1,-0.947729,-0.519978,,0,slow_starter
19681,"Semikawa, Taiga",1,-0.493233,-0.815529,,0,slow_starter
5698,"Ogilvy, Geoff",1,0.218671,0.262520,0.000,1,fast_starter
6950,"Siem, Marcel",1,0.531667,0.987302,0.000,1,fast_starter
30654,"Porter, Charles",1,2.138583,0.918972,,0,fast_starter
15756,"Higa, Kazuki",1,0.163907,0.332590,5.731,1,fast_starter
28472,"Guise, Danny",1,-2.406550,-0.870066,,0,slow_starter
20448,"Katsuragawa, Yuto",1,1.981000,0.998306,2.316,1,fast_starter
18239,"Truslow, Austen",1,2.484250,0.991850,,0,fast_starter
29304,"Byrd, Marcus",1,0.555600,0.482637,0.000,1,fast_starter
16713,"Lindheim, Nicholas",1,0.021800,0.087297,0.000,1,fast_starter
28158,"Bennett, Sam",1,0.014564,0.023253,0.000,1,fast_starter
27600,"Kuest, Peter",1,0.254100,0.290259,,0,fast_starter
11329,"Reifers, Kyle",1,0.064500,0.115454,18.821,1,fast_starter
30732,"Carr, Ben",1,0.076000,0.218015,,0,fast_starter
24294,"Fernandez de oliveira, Mateo",1,0.295550,0.386564,,0,fast_starter
7033,"Molinari, Edoardo",1,-0.022625,-0.011264,,0,slow_starter
7744,"Collins, Chad",1,0.893700,0.834576,,0,fast_starter
9195,"Lamely, Derek",1,-0.674700,-0.432978,,0,slow_starter
18244,"Shinkwin, Callum",1,0.701100,0.461077,6.543,1,fast_starter
19224,"Micheluzzi, David",1,-0.139750,-0.159691,,0,slow_starter
6556,"Compton, Erik",1,-0.038250,-0.043681,,0,slow_starter
16652,"Langasque, Romain",1,0.583750,0.913517,0.000,1,fast_starter
19806,"Forsstrom, Simon",1,-0.108750,-0.602911,,0,slow_starter
14018,"Dantorp, Jens",1,1.799125,0.761592,,0,fast_starter
9133,"Larrazabal, Pablo",1,0.335850,0.386446,0.000,1,fast_starter
31192,"Steelman, Ross",1,1.145875,0.949727,,0,fast_starter
14975,"Otaegui, Adrian",1,0.464000,0.533537,4.978,1,fast_starter
13731,"Strydom, Ockie",1,1.049750,0.997038,,0,fast_starter
15394,"Diaz, Roberto",1,0.611025,0.813112,0.269,1,fast_starter
25614,"Biondi, Fred",1,1.350800,0.848470,0.472,1,fast_starter
24127,"Hidalgo Portillo, Angel",1,2.895000,0.751703,,0,fast_starter
9842,"Zanotti, Fabrizio",1,-1.667750,-0.972503,,0,slow_starter
20704,"Tarrio, Santiago",1,-0.105000,-0.065751,,0,slow_starter
23094,"Nido, Chris",1,0.599625,0.717580,2.397,1,fast_starter
10498,"Overton, Jeff",1,0.181900,0.172839,9.430,1,fast_starter
25334,"Johnson, Chase",1,-0.470750,-0.995656,,0,slow_starter
11460,"Manassero, Matteo",1,-0.169114,-0.356817,,0,slow_starter
30892,"Riedel, Matthew",1,-0.211114,-0.194587,,0,slow_starter
22087,"Paul, Jeremy",1,0.228929,0.510204,0.000,1,fast_starter
24354,"Xiong, Norman",1,-0.199326,-0.359126,,0,slow_starter
21875,"Widing, Tim",1,0.898779,0.812817,3.916,1,fast_starter
24837,"Goodwin, Noah",1,0.512221,0.877018,6.455,1,fast_starter
16341,"Peterson, Paul",1,0.043786,0.040908,,0,fast_starter
23540,"Andersen, Mason",1,0.102857,0.127656,14.622,1,fast_starter
23502,"Thornberry, Braden",1,0.120850,0.173682,16.923,1,fast_starter
27762,"Velo, Kevin",1,0.351893,0.522665,11.232,1,fast_starter
31212,"Chandler, Will",1,-0.505090,-0.415388,,0,slow_starter
22736,"Rosenmueller, Thomas",1,0.219821,0.288442,,0,fast_starter
27420,"Dickson, Taylor",1,-0.083650,-0.133188,,0,slow_starter
17422,"Del Solar, Cristobal",1,0.505621,0.366211,4.824,1,fast_starter
12426,"Waring, Paul",1,0.113643,0.138400,9.059,1,fast_starter
21995,"Springer, Hayden",1,0.222257,0.237342,1.720,1,fast_starter
28473,"Ballester Barrio, Jose Luis",1,-0.048475,-0.026512,,0,slow_starter
32319,"Koivun, Jackson",1,0.716207,0.895393,,0,fast_starter
15676,"Norgaard, Niklas",1,-0.332543,-0.439427,,0,slow_starter
26124,"Korte, Chris",1,0.909950,0.584128,,0,fast_starter
29715,"Manke, RJ",1,-0.207500,-0.098527,,0,slow_starter
24223,"Sugiura, Yuta",1,1.813875,0.535880,,0,fast_starter
20344,"Polland, Ben",1,0.135421,0.147604,0.000,1,fast_starter
9166,"Hicks, Justin",1,-1.241150,-0.754733,,0,slow_starter
14795,"Canter, Laurie",1,0.444786,0.446906,4.912,1,fast_starter
30937,"Duncan, Austin",1,0.087875,0.044687,,0,fast_starter
31960,"Hastings, Justin",1,-0.066764,-0.085293,,0,slow_starter
33354,"Kent, Noah",1,-0.067350,-0.073277,,0,slow_starter
30445,"Ayora, Angel",1,0.081000,0.041933,,0,fast_starter
25362,"Fitzpatrick, Alex",1,1.201250,0.888903,3.819,1,fast_starter
11441,"Covello, Vince",1,0.177150,0.134177,,0,fast_starter
29827,"James, Ben",1,-0.584125,-0.874597,,0,slow_starter
26913,"Phillips, Trent",1,0.459125,0.412850,0.000,1,fast_starter
33755,"La Sasso, Michael",1,0.024393,0.021320,,0,fast_starter
16896,"Kruyswijk, Jacques",1,1.640125,0.850393,,0,fast_starter
32521,"Lewis, Riley",1,1.080375,0.982053,,0,fast_starter
22844,"Kawamoto, Riki",1,-1.081625,-0.790830,,0,slow_starter
28615,"Bairstow, Sam",1,0.899250,0.955086,0.328,1,fast_starter
25601,"Jordan, Matthew",1,0.095950,0.096288,8.486,1,fast_starter
26190,"Ortiz, Alvaro",1,0.622375,0.266488,2.014,1,fast_starter
24962,"Docherty, Alistair",1,-0.315750,-0.292680,,0,slow_starter
12177,"Pavan, Andrea",1,2.149250,0.793478,1.228,1,fast_starter
31188,"Valdes, Brendan",1,-1.388650,-0.858202,,0,slow_starter
15067,"Cao, Yi",1,-1.373250,-0.886543,,0,slow_starter
24200,"Smylie, Elvis",1,0.382250,0.354073,,0,fast_starter
33299,"Chi, Andre",1,1.959875,0.586995,,0,fast_starter
25081,"Humphrey, Theo",1,1.115500,0.954590,,0,fast_starter
22461,"White, Brett",1,0.946000,0.992208,1.770,1,fast_starter
7679,"Aiken, Thomas",1,-0.742125,-0.800052,,0,slow_starter
19846,"Bauchou, Zach",1,0.225629,0.449670,0.000,1,fast_starter
21883,"Ewart, A.J.",1,0.486064,0.708558,3.601,1,fast_starter
30620,"Chatfield, Davis",1,0.164221,0.234836,,0,fast_starter
14792,"Saddier, Adrien",1,0.030107,0.088789,32.531,1,fast_starter
29925,"Yellamaraju, Sudarshan",1,-0.001479,-0.003905,,0,slow_starter
28016,"Gonzalez, Emilio",1,-1.602233,-0.877838,,0,slow_starter
20766,"Brown, Dan",1,-0.212750,-0.269931,,0,slow_starter
16162,"Lee, S.T.",1,0.030350,0.014093,,0,fast_starter
16591,"Rozo, Marcelo",1,0.219036,0.258509,13.313,1,fast_starter
32055,"Shipley, Neal",1,0.486586,0.641354,7.525,1,fast_starter
24956,"Blanchet, Chandler",1,1.079714,0.858636,3.487,1,fast_starter
23048,"Stanger, Jimmy",1,2.357000,0.875771,,0,fast_starter
24343,"Lamprecht, Christo",1,0.868200,0.663460,2.788,1,fast_starter
25475,"Nyholm, Pontus",1,1.340407,0.846694,,0,fast_starter
21407,"Reitan, Kristoffer",1,2.750150,0.788764,3.525,1,fast_starter